,Fungi_percent,AA13,AA9,CBM1,CBM18,CBM20,CBM42,CBM48,CE10,GH1,GH105,GH12,GH13,GH15,GH16,GH17,GH18,GH19,GH20,GH26,GH28,GH29,GH3,GH31,GH32,GH37,GH38,GH43,GH47,GH5,GH51,GH54,GH6,GH66,GH7,GH74,GH76,GH88,GH9,GH95,GT15,GT2,GT20,GT22,GT24,GT34,GT5,GT59,GT77,PL4
TP3L5,3.17767339,26.8468,0,0,66.00667,111.7442,0,0,0,11.8183,0,0,168.7767,0,0,0,82.12223,66.00667,11.2735,0,0,0,7.55822,45.5157,0,8.11238,0,0,0,33.95186,59.07379,0,1.56091,0,0,0,0,0,33.95186,0,0,0,0,0,7.05251,0,0,6.71373,0,0
TP3L13,57.78991748,49.7405,1457.66,1457.66,51.0414,109.01985,0,0,0,0,0,0,141.55385,0,0,8.56813,55.38002,51.0414,4.97309,0,0,0,2.5428,40.3435,0,2.56005,0,0,0,18.02755,48.851884,0,3.71825,0,0,0,0,0,18.02755,13.8455,0,0,0,0,18.0575,0,0,3.18535,9.68652,0
TP3L18,6.734275737,110.759,0,0,51.11265,188.2307,0,0,0,0,0,0,176.7072,0,0,0,60.27143,51.11265,5.16777,0,0,0,4.95439,62.89804,0,4.43378,0,0,0,38.57397,44.2356,0,6.43967,0,0,0,0,0,38.57397,0,0,0,0,0,14.7204,0,0,8.27511,2.09702,0
TP4L5,17.17123936,106.476,0,0,77.2414,176.9798,0,0,0,0,0,0,165.9019,0,0,2.99284,83.44434,77.2414,4.47114,0,0,0,14.13629,35.264,0,5.11479,0,0,0,10.89283,47.40984,0,5.57158,0,0,0,0,0,10.89283,0,0,0,0,0,0,0,0,3.99405,12.0956,0
TP4L13,3.046402808,43.2329,0,0,64.25903,114.2046,0,0,0,0,0,0,112.6861,0,0,0,73.30185,64.25903,9.6823,0,0,0,17.13076,59.3189,0,2.07678,0,0,0,17.29261,84.897294,0,1.50816,0,0,0,0,0,17.29261,0,0,0,0,0,5.17648,0,0,2.95287,1.96449,0
TP4L18,13.60513133,54.9234,1527.2,1527.2,98.3132,133.5024,0,0,0,0,0,0,133.7363,0,0,0,108.2972,98.3132,8.78605,0,0,0,9.53547,62.5568,0,2.8268,0,0,0,22.93921,57.79289,0,4.10568,0,0,0,0,0,22.93921,0,0,0,0,0,9.68791,0,0,4.67378,1.78264,0
TP5L13,9.236646589,75.3826,0,0,41.56149,122.87275,0,0,0,0,0,0,80.26085,0,0,0,46.0788,41.56149,1.62331,0,0,0,9.70178,55.3421,0,3.94859,0,0,0,17.08345,46.943506,0,7.07996,0,0,0,0,0,17.08345,11.2986,0,0,0,0,0,0,0,5.1988,0,0
TP5L5,4.108228144,50.4765,1472.93,1472.93,33.37006,110.10624,0,0,0,0,0,0,77.02394,0,0,0,46.11097,33.37006,2.35512,0,0,0,0,32.8377,0,12.1237,0,0,0,30.50214,23.01572,0,0,0,0,0,0,0,30.50214,4.09802,0,0,0,0,4.76091,0,0,7.36337,1.91136,0
TP6L5,8.039666088,18.1017,0,0,68.072554,96.6862,0,0,0,0,0,0,101.0407,0,0,0,82.648724,68.072554,2.53375,0,0,0,6.25337,58.1929,2.01561,13.41325,0,0,0,10.52265,46.96742,0,0,0,0,0,0,0,10.52265,8.81769,0,0,0,0,4.33899,0,0,8.11456,0,0
TP6L13,14.88869967,123.944,1193.67,1193.67,97.04522,193.5904,0,0,0,0,0,0,148.6616,0,0,0,111.7472,97.04522,8.6744,0,0,0,31.92255,79.06642,0,13.0241,0,0,0,21.78184,77.38241,0,4.05351,0,0,0,0,0,21.78184,3.77347,0,0,0,0,0,0,0,10.4177,1.75999,0
TP6L18,6.127630999,32.7193,0,0,82.73242,111.32903,0,0,0,0,0,0,175.57493,0,0,10.58207,103.66548,82.73242,3.43486,0,0,0,24.70464,85.1426,0,26.964,0,0,0,20.48908,74.47127,0,9.98726,0,0,0,0,0,20.48908,7.96909,0,0,0,0,1.10979,0,0,11.0004,5.57532,0
TP7L5,9.656940545,60.6364,1648.87,1648.87,59.68655,113.99529,0,0,0,0,0,0,84.00529,0,0,4.25088,69.8226,59.68655,7.07289,0,0,0,3.21317,77.6992,0,7.28197,0,0,0,24.1883,44.25792,0,1.76274,0,0,0,0,0,24.1883,4.92286,0,0,0,0,4.67934,0,0,0,0,0
TP8L13,7.662200813,81.2674,0,0,86.4003,153.9528,0,0,0,0,0,0,115.6259,0,0,34.09511,122.28949,86.4003,7.5835,0,0,0,25.07569,138.22756,1.50817,32.09779,0,0,0,25.40136,60.82024,0,3.54373,0,0,0,16.36153,0,24.10725,3.29891,0,0,0,9.64818,4.69739,0,0,3.03585,7.69325,0
TP8L5,28.70958289,81.0101,3652.15,3652.15,106.16289,135.1724,0,0,0,21.397,0,0,91.7365,0,0,18.81548,138.48897,106.16289,0,0,0,0,19.34384,104.09877,2.07258,20.46708,0,0,0,12.18622,29.2422,0,4.23902,0,0,0,0,0,12.18622,7.89232,0,10.6646,0,0,11.5808,0,0,3.63149,1.84054,0
TP8L18,31.34535952,46.5956,6.76416,6.76416,69.65764,109.69727,0,0,0,10.256,0,0,108.06067,0,0,9.80463,110.049051,69.65764,7.60914,0,0,0,17.25556,118.37261,1.75007,4.65215,0,0,0,18.71275,69.45473,0,6.7728,0,0,0,0,0,18.71275,3.78293,0,0,0,0,5.44832,0,0,7.09942,3.52881,0
TP9L13,33.71847572,40.5813,4185.5574,4185.5574,114.36974,99.15108,0,0,1.49298,0,0,0,159.19678,0,0,19.11293,143.09492,114.36974,2.02346,0,0,0,10.24846,76.54044,10.15632,33.711254,0,0,0,5.59362,47.89861,0,2.52147,0,0,0,11.7455,0,5.59362,10.5627,0,0,0,0,0,0,0,9.72045,1.64219,0
TP9L5,25.66297882,127.618,3.37032,3.37032,170.82889,177.9493,0,0,0,0,0,0,164.07071,0,0,10.94315,189.57433,170.82889,9.74353,0,0,0,43.35446,119.78777,8.18018,8.79107,0,3.97226,0,31.05167,44.7781,0,16.1888,0,0,0,0,0,31.05167,0,0,0,0,0,2.98435,0,0,4.35193,0,0
TP9L18,31.48867707,22.845,3661.91,3661.91,157.22522,88.6905,0,0,0,20.1133,0,0,152.99613,0,0,25.05174,174.77374,157.22522,3.19769,0,0,0,6.65077,76.63549,1.98362,57.897841,7.10279,0,0,25.458,27.991774,0,5.31294,0,0,0,0,0,9.9294,7.41884,0,20.0496,0,0,2.08357,0,0,3.41362,0,0
TP10L13,38.66610013,64.0146,2890.86695,2890.86695,62.32013,140.02149,0,0,0,0,0,0,168.60212,0,0,16.90276,157.146314,62.32013,7.34476,0,0,0,51.64767,57.97394,6.52531,54.11777,8.04778,0,0,8.51717,43.36321,0,4.96251,0,0,0,1.847,0,8.51717,3.46475,0,0,0,0,12.179397,0,0.699173,3.18847,0,0
TP10L5,61.63943812,15.7868,3731.29101,3731.29101,81.97598,74.46983,0,0,0,10.4243,0,0,145.70171,0,0,30.50379,154.85715,81.97598,4.41944,0,0,0,20.4431,91.343207,44.81735,20.65193,1.35352,0,0,13.6875,28.2455,0,8.26074,0,0,0,28.83449,0,12.17917,0,0,0,0,0,6.583466,0,0,3.53841,0,0
TP10L18,38.71848193,93.7462,5211.94,5211.94,84.973,128.64662,0,0,0,0,2.52091,0,87.54745,0,0,31.87373,94.1703,84.973,1.00938,0,0,0,30.117787,48.247095,12.90015,14.59398,0,0,0,0,27.38146,0,0,0,0,0,4.12071,0,0,3.51274,0,0,0,2.57059,0,0,0,2.70503,0,0
TP11L13,64.88646994,174.79929,13.60229,13.60229,123.86542,251.44397,4.23042,0,0,0,3.17478,5.46429,196.08811,3.60435,0,65.81564,148.49597,123.86542,8.03096,0,0,0,43.921691,96.7262,86.94534,30.59089,0,5.98681,0,32.194,45.873782,4.23042,17.1558,0,17.37212,0,29.60999,0,30.62775,11.9779,0,0,0,0,0.056417,0,6.39722,3.07459,1.86221,0
TP11L5,60.90381662,127.73496,4258.30906,4258.30906,129.01909,169.85514,0,0,0,3.73175,16.7827,3.49453,110.18092,0,0,188.75915,171.04527,129.01909,1.32985,0,0,0,83.76051,206.67084,100.81245,43.8374,6.43176,6.93951,0,13.52564,66.47424,0,10.62605,0,0,0,24.71598,0,9.89467,4.628,0,0,0,3.40423,4.88785,0,14.40433,5.40693,6.47567,8.44512
TP11L18,38.94679931,28.6645,20.66061,20.66061,140.24208,116.88711,0,0,0,0,0,0,216.8672,0,0,59.67046,160.16569,140.24208,8.02453,0,0,0,42.822904,114.529045,38.38558,20.57957,0,2.30826,0,30.5044,41.30761,0,19.9991,0,0,0,16.03879,0,30.5044,9.30871,0,0,0,0,8.70368,0,0,8.56642,2.17084,0
TP12L18,84.18990766,68.16177,7048.49762,7048.49762,23.89339,113.20748,0.956447,0,6.39526,4.236072,3.308539,1.14334,128.871998,3.93774,0,210.125982,51.224739,23.89339,15.66303,0,1.54126,1.515444,117.353118,267.213928,137.042734,63.684168,20.65445,58.85859,0.334225,27.398332,118.06929,0.956447,1.08437,0,19.689822,0,48.935705,0,12.739982,3.02838,0,0,0,0,16.588461,0,11.196191,8.30451,0.706235,11.0523
TP12L13,72.28806385,65.70552,91.26943,91.26943,47.10183,122.690627,0,0,4.29738,0,7.56606,8.89703,159.769987,11.06811,0,226.65548,86.814809,47.10183,10.06646,0,0,4.61065,106.826427,303.848806,180.06414,63.45713,5.68929,29.23984,0.525068,27.8255,105.886701,0,12.96819,0,20.85896,0,49.97205,0,11.9618,10.4006,0,0,4.99137,0,19.741743,0,0.966915,6.08105,0,0
TP12L5,85.82854156,151.48304,2805.29929,2805.29929,44.13367,190.1787,2.29934,0,13.15571,3.024215,13.9229,8.16558,229.286,7.33428,0,248.09856,69.91245,44.13367,16.85544,0,0,15.55781,120.721036,325.959952,208.5803,98.838028,24.55206,105.24836,3.078253,43.15636,133.240084,2.29934,17.04687,0,10.740611,0,38.21164,0,20.90455,2.57398,0,0,0,1.59627,7.713371,0,12.715757,4.01806,0,11.8799
TP13L13,97.6570935,78.47028,2438.117992,2438.117992,38.54125,102.13928,9.49834,0,7.46942,31.704062,10.88168,25.16754,187.405903,7.367793,0,263.164213,118.583951,38.54125,22.406889,0,0,10.815559,209.223025,257.727662,147.266774,127.18845,7.380015,43.24956,0.378952,56.322308,173.71355,9.49834,29.01174,0,32.80075,0,140.055695,0,40.755218,4.53436,0,0,0,5.02111,3.034538,0,13.122435,10.872832,0,12.016319
TP13L18,95.05036569,82.80969,2895.20319,2895.20319,61.06693,117.19985,4.74508,0,5.06315,28.49555,14.5244,64.08019,132.17959,8.69215,0,230.174,130.808988,61.06693,11.141116,0,4.93222,8.65865,254.34897,238.49797,124.045031,113.02174,12.6896,15.08496,0.376516,65.45815,100.487898,4.74508,43.09177,0,101.399,0,85.879516,0,49.21279,9.16385,0,0,0.894803,0,17.367311,0,13.16228,17.55295,0.795598,11.093236
TP13L5,88.66245166,164.67659,297.247082,297.247082,58.88395,204.32489,1.21885,0,14.56869,9.666459,2.67297,56.77885,259.717864,9.35565,0,435.21881,117.036665,58.88395,26.54118,0,0,5.77754,297.987244,500.889161,186.28321,122.48447,11.12955,43.4455,4.4408,59.32933,122.803294,1.21885,52.10525,0,99.71617,0,64.90539,0,38.51745,1.92961,0,0,1.01222,8.38718,4.27437,0,13.170475,9.18297,0,17.02679
TP14L5,95.91836735,80.23608,868.161373,868.161373,53.18362,116.17364,1.14613,0,3.84698,26.703269,9.67764,87.37459,143.03737,16.59141,0,309.98891,182.60641,53.18362,29.069714,0,1.84692,13.36298,340.258147,334.64113,170.71135,118.67961,18.96093,11.26613,0.801014,77.853941,174.174701,1.14613,109.21353,0,183.287799,0,78.667597,0,65.271161,3.82136,0,0,0,2.97269,17.854177,0,31.762354,2.031411,2.53888,16.683987
TP15L5,92.63828415,23.46184,206.043326,206.043326,26.578037,70.06681,1.45019,0,20.05849,26.51762,20.57776,16.17944,151.284168,12.727766,0,340.975618,97.295865,26.578037,17.10116,0,6.13238,7.84203,250.789546,316.267641,210.509225,84.594675,21.11337,20.793657,4.4248,34.753399,73.1246,1.45019,48.546114,0,52.90393,0,84.91865,0,26.730479,6.62391,0,4.35975,1.69248,29.78715,13.27935,0,24.082897,18.83066,2.25726,1.890406
TP16L5,94.74758621,52.14061,2795.365326,2795.365326,15.293931,54.659129,11.080494,170.53,17.077483,15.30135,14.150493,105.748969,252.881353,12.072562,0,477.267637,127.166882,15.293931,27.167112,0.825574,4.878008,4.700324,283.824879,264.2471,165.041805,93.209508,14.092751,33.03824,2.089887,107.535433,92.065201,11.080494,132.081339,0,283.837269,0,115.984271,0,87.928854,9.94657,0,0,1.31214,15.85793,11.045453,0,27.180597,5.21535,0.38889,20.574224
TP17L13,92.23234185,75.691615,2024.673065,2024.673065,22.675559,95.583345,5.097458,0,11.412201,44.76708,23.575616,51.92277,115.519087,18.369557,0,433.73865,158.301386,22.675559,33.728424,2.268134,1.04947,8.64362,372.530789,255.967015,176.898755,159.848695,16.748292,18.02864,3.16287,87.724181,119.450072,5.097458,115.25218,4.64647,168.995776,0,142.112893,5.52618,60.543075,10.1538,0,2.78641,5.94936,7.496902,11.668314,0,23.53551,12.039212,0.480888,12.90685
TP17L5,98.04283198,58.36321,349.244109,349.244109,31.72437,85.99611,3.802613,0,12.74002,34.9502,8.71546,37.26556,176.097451,15.564509,0,383.262141,156.206217,31.72437,40.816558,0.539556,0,15.36989,313.355338,402.47139,185.961123,130.554764,20.27343,30.102715,0.481124,48.297951,96.883751,3.802613,40.527464,0,106.487366,0,119.115954,3.89429,42.35613,10.9455,0,0,3.43023,1.96773,31.513,0,43.643372,19.552239,0,5.08341
TP17L18,97.50446325,38.10747,1111.158485,1111.158485,20.917277,56.433367,7.922177,0,18.00374,97.53006,34.202336,82.26216,105.161767,16.12013,0,345.6291,177.865656,20.917277,51.689886,3.608808,2.329481,17.41221,687.157126,397.802356,182.867821,130.778257,34.93635,39.084115,2.82731,119.645549,236.733676,7.922177,166.960078,1.78196,384.974292,0,189.821472,1.41289,89.450712,29.104612,0,0,1.65937,3.092613,16.10126,0,48.63896,14.198745,0,17.66276
TP9L3,55.41911202,42.1677,6630.14411,6630.14411,105.39698,89.801135,0,0,0,111.376,0,0,79.434095,0,0,100.21573,296.51331,105.39698,4.99014,0,0,0,24.353782,99.525258,26.13305,120.05897,7.328236,4.37505,0,8.09586,13.61176,0,4.90336,0,0,0,10.83592,0,8.09586,0,0,24.672,0,0,20.26746,0,0.921118,13.40658,3.19348,0
TP9L22,54.48691901,48.9987,4647.70634,4647.70634,115.43663,102.894655,0,0,0,15.62843,0,0,93.630055,2.67394,0,76.19078,195.65945,115.43663,5.33439,0,0,0,14.475203,98.782617,70.93612,57.077722,0,0,0,21.63875,30.19386,0,15.1938,0,0,0,1.44349,0,21.63875,0,0,0,0,4.09553,2.23889,0,0,0,1.23694,0
TP9L16,51.29515419,27.3514,2161.0868,2161.0868,108.8261,95.06356,0,0,0,0,8.12728,0,101.27606,0,0,82.24412,116.51037,108.8261,4.78558,0,0,0,14.34076,114.383118,18.70581,34.37462,0,3.59614,0,11.208637,43.874408,0,8.34878,0,0,0,3.90735,0,11.208637,3.33085,0,0,0,0,0,0,5.81543,9.38238,1.55355,0
TP10L3,65.19857323,46.0842,39.41065,39.41065,28.879914,99.53773,0,0,1.64765,0,5.46761,0,115.852144,10.0208,0,136.59747,81.214114,28.879914,4.58772,0,0,0,95.45582,246.033587,124.0737,48.023703,12.21801,3.45018,0,48.22532,65.76876,0,9.37294,0,0,0,15.5567,0,48.22532,0,0,18.583,0,5.30941,5.04486,0,5.69972,9.49151,4.81066,0
TP10L22,80.88256657,22.42999,44.85941,44.85941,61.69344,73.79069,3.10632,0,4.17055,2.28744,3.91038,0,139.04253,0,0,124.79201,83.49644,61.69344,4.56685,0,0,0,94.76627,308.814718,130.30517,17.55761,0,48.32467,0,31.61264,57.04309,3.10632,23.03586,0,8.76773,0,40.71379,0,21.96693,4.91773,0,0,0,0,29.9756,0,10.28223,3.78696,0,8.97381
TP10L16,41.66018095,52.49507,25.57805,25.57805,84.23204,112.08277,0,0,1.66,0,0,0,102.331267,3.49248,0,119.75357,119.740212,84.23204,3.726458,0,3.52578,0,107.03236,205.715313,80.69641,26.91632,28.61281,18.79034,0,19.02124,51.51575,0,3.72092,0,0,0,15.80932,0,17.66243,0,0,9.36117,0,2.05426,7.43314,0,0,7.46549,4.84674,0
TP11L3,87.83995231,135.28695,125.977995,125.977995,36.78749,171.88833,24.1154,0,15.30346,5.503573,22.79799,36.22314,161.68902,9.3198,0,274.37533,79.465945,36.78749,18.055092,0,0,19.4559,264.47171,380.332545,112.39586,78.146901,23.59329,63.65836,3.75486,54.608146,120.242158,24.1154,25.20272,0,57.0447,0,87.865854,0,24.602866,0,0,0,2.17727,1.52652,8.8823,0,31.013439,15.64757,0.967939,19.96382
TP11L22,68.5783711,137.3597,1850.724693,1850.724693,24.06441,156.18299,18.98951,0,21.9756,5.749384,21.64777,0.933102,174.484181,14.40203,0,277.32521,79.207877,24.06441,18.08502,0,2.51571,10.366688,221.438379,359.307112,109.586515,49.06231,7.063477,72.970336,4.05135,42.907281,104.913705,18.98951,4.54212,0,2.350619,0,73.912469,0,20.696941,7.87454,0,0,0.648242,27.12492,20.938211,0,21.169843,11.153669,1.15275,14.932103
TP11L16,71.86785635,162.22136,71.38633,71.38633,7.8247,186.8675,16.46667,0,47.7337,11.200601,26.78956,21.32222,239.57895,14.39043,0,242.44933,85.67133,7.8247,32.88991,0,0,18.18702,362.809458,511.13028,138.85044,66.89928,14.4674,74.36581,0,61.085325,153.652485,16.46667,5.87137,0,0,0,83.121066,0,39.347935,4.1913,0,0,0,6.46699,22.10951,0,63.4188,5.7042,1.64814,7.793036
TP12L22,95.20393568,229.98081,135.917518,135.917518,14.134183,252.3244,12.461415,0,29.75213,13.518536,27.26477,16.28908,263.49156,17.79252,0,402.57805,69.98309,14.134183,26.608811,0,2.4723,6.37364,305.525784,441.422918,141.94202,92.81313,19.864804,77.36936,0.637725,61.898296,117.892362,12.461415,9.33189,0,28.79334,0,99.027813,0,34.492976,6.31607,0,0,0,10.56414,8.982543,0,49.83867,11.60829,1.34755,2.467037
TP13L16,95.51783228,100.367503,1823.543111,1823.543111,4.249523,105.339844,12.0037,0,14.31972,107.35125,81.636636,61.341217,117.639897,8.879897,0,237.608982,67.676283,4.249523,32.157378,1.86501,8.716851,10.252404,1399.809181,285.385964,65.391057,56.106597,30.5484,56.250274,3.91737,229.896738,425.470886,12.0037,78.987351,0,255.25271,0,114.27334,0,212.04107,8.00128,0,0,0.323491,7.102389,17.14365,0,42.792722,12.015023,1.00669,18.99515
TP13L3,95.59096686,57.219008,2613.345313,2613.345313,13.968829,65.963277,11.49352,0,14.6083,175.9514,98.54186,70.86412,122.870442,10.901648,0,275.388165,91.677996,13.968829,21.318589,1.34512,11.09937,16.50673,1344.156268,403.809897,87.882833,50.148272,27.329978,43.85454,2.828793,196.659468,598.522955,11.49352,109.349513,0,343.036152,0,127.952165,0,180.963264,2.74318,0,0,0.987361,5.911512,15.659058,0,38.892157,11.357281,0,17.92007
TP13L22,95.81501888,112.24453,1817.24899,1817.24899,10.505199,119.764272,19.76036,0,19.11155,36.06707,38.46514,15.51109,150.736193,9.76819,0,314.143652,58.84182,10.505199,22.751707,1.3023,7.28273,8.120969,658.750694,412.329035,94.503493,83.145045,19.38707,60.19884,2.01118,85.750019,195.407834,19.76036,21.022336,0,59.79651,0,143.536162,0,75.698099,7.52115,0,0,1.27457,13.376927,12.616305,0,27.692671,16.15441,0,6.14463
TP14L22,95.16385722,137.526196,1584.211867,1584.211867,10.537318,153.905059,12.260249,0,28.48432,76.35432,50.41212,28.715113,186.643234,22.325877,0,337.569116,72.611512,10.537318,31.038026,0.667024,7.64381,12.584188,867.390427,416.907494,112.839853,85.429562,26.252547,40.51717,3.581409,92.958944,400.256344,12.260249,62.546907,0,92.478814,0,154.550923,0,81.278069,3.196654,0,0,1.44621,7.263043,20.250805,0,42.798308,12.549263,0.257174,14.256776
TP15L3,93.5331825,69.672638,1861.276078,1861.276078,5.887876,72.608812,12.61231,0,13.103895,126.572205,90.559222,45.902688,104.991084,23.429268,0,394.575202,73.026793,5.887876,27.085521,1.831699,6.186243,13.50187,838.367136,338.380738,104.513797,60.111224,23.350567,48.38346,6.303409,111.125203,523.249389,12.61231,65.733877,0,195.531147,0,224.652191,0.708449,99.974876,2.603214,0,0,0.416018,3.484147,8.9568,0,34.651529,11.651786,0,9.40501
TP15L16,95.24958468,87.934353,1641.465996,1641.465996,5.170986,93.673723,8.013226,0,22.061346,96.33449,83.535093,47.877148,99.120996,12.809786,0,199.984657,59.262223,5.170986,27.852719,1.08973,4.92518,15.556047,1138.809841,248.368749,68.718683,50.265172,19.4071,57.783811,2.91999,203.558686,370.019309,8.013226,79.529971,0,232.23267,0,118.853575,0,182.321719,5.66862,0,0,0.923728,13.14678,19.487145,0,36.215505,5.727089,0,14.394075
TP15L22,96.65193297,91.77984,1108.663873,1111.422759,6.199485,100.69065,20.26221,0,25.11977,92.732734,80.888657,88.274954,162.96457,24.203052,0,376.755537,70.957936,6.199485,32.525891,2.470187,6.08246,13.544152,1023.428249,340.897527,100.645405,88.833102,20.634682,52.99225,4.804547,143.857412,294.205241,20.26221,111.347366,0,214.35033,2.758886,190.12562,0,131.594632,5.425682,0,1.4279,1.66296,8.164253,11.65217,0,46.215738,14.686673,0.246432,14.300079
TP17L3,94.59855799,60.013451,3102.81832,3102.81832,25.046127,77.351651,19.385309,0,17.021678,224.14448,59.34731,243.04544,120.517515,20.695188,0,295.083119,179.994618,25.046127,45.053289,7.13614,8.131675,29.2414,1283.002876,350.313017,87.559734,83.53423,34.699573,51.41635,9.58041,213.730397,716.143155,19.385309,417.355516,0,770.48901,0,182.816095,0,200.244621,4.861328,0,0,0.184116,9.176911,8.962645,5.891818,23.114536,12.006767,0.816332,27.18354
TP17L16,97.44375523,55.6999,8866.472869,8866.472869,4.619489,64.323492,11.759747,7.76564,17.85369,446.1625,109.18343,409.04629,136.155839,29.301278,0,397.23169,194.056759,4.619489,58.950385,12.65487,10.37486,29.867298,1781.488851,372.120279,102.226218,89.453381,38.965663,80.65233,18.10587,318.467933,1281.734119,11.759747,956.432019,0,1853.724106,0,198.605008,0,305.289663,2.972827,0,1.06677,0.414127,8.895379,12.07187,0,18.529036,18.723395,0,29.828754
TP17L22,96.97372374,61.421207,2735.271645,2735.271645,3.691606,67.798177,8.274662,0,16.018736,115.55529,64.051676,88.38744,144.583187,22.04012,0,397.02456,85.867638,3.691606,36.502826,3.399581,5.557721,7.73631,968.40335,393.032314,140.220188,116.943748,27.807056,52.023763,6.71598,131.482778,529.034097,8.274662,231.17184,0,344.035045,0,225.912748,0,112.539377,2.189837,0.770614,1.16811,0.226735,2.848346,12.529147,0,32.347891,18.68604,0,26.458788
TP2L12,6.591235632,48.6819,0,0,22.7801,108.98649,0,0,0,0,0,0,99.22429,0,0,5.08836,28.46877,22.7801,5.45132,0,0,0,29.7424,19.578,0,9.35412,0,0,0,82.6513,66.15291,0,16.9825,0,0,0,0,0,82.6513,14.2283,0,0,0,0,0,0,0,3.65224,0,0
TP2L20,11.67315175,62.9338,3250.04,3250.04,13.7105,105.9118,0,0,0,0,0,0,65.7493,0,0,0,19.83888,13.7105,2.20226,0,0,0,44.206,17.6794,0,5.6684,0,0,0,43.57901,27.069977,0,10.9771,0,0,0,0,0,43.57901,7.66406,0,0,0,0,0.809437,0,0,6.88545,1.7873,0
TP2L1,11.71119955,17.2245,2391.2,2391.2,11.81259,52.86756,0,0,0,0,0,0,52.26256,0,0,0,19.15748,11.81259,9.64387,0,0,0,21.32713,16.2989,0,8.27413,0,0,0,120.95214,70.2788,0,19.5283,0,0,0,0,0,120.95214,4.1952,0,0,0,0,2.65844,0,0,5.38428,0,0
TP3L12,6.534551977,106.21,0,0,77.1651,176.6695,0,0,0,0,0,0,168.0589,0,0,0,94.33845,77.1651,6.60733,0,0,0,17.34048,69.94112,9.55107,1.41722,0,0,0,8.83493,49.60313,0,4.11677,0,0,0,0,0,8.83493,0,0,0,0,0,17.6068,0,0,0,0,0
TP3L20,3.928944619,112.242,0,0,87.60025,198.0898,0,0,0,0,0,0,229.7318,0,0,4.72121,102.65814,87.60025,9.42654,0,0,0,30.23324,23.8974,0,2.23625,0,0,0,13.60795,31.95179,0,7.83108,0,0,0,2.97596,0,13.60795,0,0,0,0,0,1.9162,0,0,4.21035,2.55013,0
TP3L1,12.73741983,65.4422,1719.95,1719.95,32.16705,144.9593,0,0,0,0,0,0,175.8884,0,0,0,38.59902,32.16705,7.07443,0,0,0,8.06478,18.9309,0,8.09284,0,0,0,9.9283,48.21411,0,7.34633,0,0,0,0,0,9.9283,0,0,0,0,0,0,0,0,3.23072,1.91382,0
TP4L12,2.333448994,31.7939,1600.2,1600.2,75.67289,93.6283,0,0,0,0,0,0,100.181,0,0,2.60565,80.64143,75.67289,7.78801,0,0,0,11.67949,31.9657,1.7635,5.72731,0,0,0,44.95371,27.77647,0,12.4776,0,0,0,0,0,44.95371,7.74372,0,0,0,0,6.13388,0,0,12.9202,0,0
TP4L20,13.84947905,27.3019,1930.92,1930.92,77.85545,64.22681,0,0,0,0,0,0,101.84161,0,0,0,80.74503,77.85545,7.64307,0,0,0,8.12584,51.6695,0,4.09844,0,0,0,49.97795,36.787033,0,9.52419,0,0,0,0,0,49.97795,3.32482,0,0,0,0,5.10353,0,0,3.0597,4.65221,0
TP4L1,4.522554867,11.7376,0,0,22.68016,72.41139,0,0,0,0,0,0,93.03179,0,0,0,38.582,22.68016,3.28588,0,0,0,8.10966,75.0393,0,7.04795,0,0,0,79.8737,89.18744,0,10.2365,0,0,0,0,0,79.8737,0,0,0,0,0,4.38973,0,0,3.7548,0,0
TP5L1,3.690223435,17.4045,0,0,49.21726,75.39538,0,0,0,0,0,0,89.17818,0,0,0,63.381442,49.21726,10.5567,0,0,0,42.12142,74.74056,0,19.17872,0,0,0,111.29249,61.90387,0,6.07149,0,0,0,0,0,111.29249,0,0,0,0,0,2.57779,0,0,9.43025,1.31809,0
TP5L12,10.02666159,27.6023,787.62157,787.62157,70.48381,61.678562,0,0,0,0,0,0,125.621762,0,0,1.77621,148.16027,70.48381,9.553861,0,0,0,6.402095,24.613152,0.560004,6.82803,0,0,0,15.90114,110.48351,0,3.48066,0,0,0,0,0,15.90114,9.29568,0,0,0,0,13.6759,42.00909,0,3.91637,1.71526,0
TP5L20,16.88259109,0,0,0,42.51103,84.20301,0,0,0,0,0,0,204.92701,0,0,0,50.76065,42.51103,9.80737,0,0,0,12.88964,69.14469,0,13.06536,0,0,0,59.54374,64.646445,0,13.4433,0,11.6125,0,0,0,59.54374,3.41306,0,0,0,0,16.0684,0,0,8.77391,0,0
TP6L12,13.30830474,16.275,1583.91,1583.91,63.25666,66.72371,0,0,0,0,0,0,127.84411,0,0,0,73.77785,63.25666,5.69517,0,0,0,18.18996,36.61721,1.81221,12.2424,0,0,0,8.67202,65.0253,0,2.83875,0,0,0,0,0,8.67202,3.96395,0,0,0,0,2.77847,0,0,0,7.39532,0
TP6L20,15.39692172,152.967,0,0,80.09141,201.4927,0,0,0,22.4459,0,0,122.3228,0,0,0,118.47741,80.09141,3.56854,0,0,0,38.03611,40.87014,0,6.64954,0,0,0,19.16217,33.30305,0,11.8582,0,0,0,0,0,19.16217,4.13962,0,0,0,0,0,0,0,9.5633,0,0
TP6L1,7.717756906,30.5733,1337,1337,46.04553,91.87696,0,0,0,0,0,0,163.84966,0,0,0,53.98467,46.04553,5.70592,0,0,0,3.64688,44.30615,8.24806,9.791,0,0,0,17.24557,65.23271,0,3.55514,0,0,0,0,0,17.24557,4.96429,0,0,0,0,0,0,0,16.1853,0,0
TP7L12,18.10344828,7.01228,0,0,58.87389,45.88826,0,0,0,0,0,0,150.03198,0,0,3.66471,137.43252,58.87389,4.90765,0,0,0,20.12934,53.00671,0,46.61093,0,0,0,15.57066,46.85157,0,8.56175,0,0,0,0,0,15.57066,0,0,0,0,0,42.77632,0,0,0,1.59318,0
TP8L20,30.76238835,42.92,3759.32,3759.32,153.8305,113.3781,0,0,2.0039,0,0,0,159.1992,0,0,2.6829,167.90073,153.8305,3.60459,0,0,0,26.73213,55.73595,3.82328,1.974067,0,0,0,25.08241,32.42643,0,14.9725,0,0,0,0,0,25.08241,0,0,0,0,0,10.1573,0,0,0,0,0
TP8L12,22.46940148,6.68999,3385.88983,3385.88983,125.49091,66.23419,0,0,0,0,0,0,99.229143,0,0,14.96012,163.7118,125.49091,5.61851,0,0,0,26.60816,59.947713,17.06035,57.736715,0,0,0,37.3173,18.6038,0,30.30613,0,0,0,4.27173,0,37.3173,3.25882,0,0,0,0,8.61012,0,0,8.36499,0,0
TP8L1,20.61092908,121.868,1.87351,1.87351,198.57824,184.07831,0,0,0,0,0,0,132.76301,0,0,17.45996,236.06733,198.57824,5.68609,0,0,0,21.14641,89.32451,7.50657,31.70031,0,0,0,25.75841,41.54406,0,18.4225,0,0,0,0,0,25.75841,19.7881,0,10.6956,0,0,8.87323,0,0,7.11112,1.84588,0
TP9L12,63.64998777,21.3868,12.68443,12.68443,193.80821,89.4343,4.38704,0,0,9.41473,0,5.94317,126.716583,3.13493,0,198.16453,281.891317,193.80821,5.89275,0,0,0,79.56327,136.957932,56.41264,36.64865,2.6887,6.82219,0,70.573642,19.575211,4.38704,41.034,0,0,0,12.48077,0,70.573642,6.94529,0,9.38494,0,0,10.52684,0,5.343199,4.20436,0,0
TP9L20,46.94466931,54.85654,3.90886,3.90886,196.85762,146.88992,0,0,0,0,0,2.30208,193.48851,0,0,122.20069,247.006319,196.85762,2.62819,0,0,0,28.00154,134.031804,66.68522,47.25758,5.8378,0,0,31.02394,27.50445,0,12.0085,0,0,0,14.70426,0,31.02394,3.04878,0,8.23943,0,0,2.98772,0,19.892015,1.88262,1.42199,0
TP9L1,47.88604879,58.8173,0,0,119.65827,119.74676,0,0,1.2149,7.76762,0,0,125.860443,0,0,53.91747,195.92553,119.65827,5.76299,0,0,0.903212,68.07283,129.324326,50.91936,111.35062,0,0,0,12.4997,34.505127,0,4.10365,0,0,0,1.89088,0,12.4997,2.86511,0,7.74304,0,2.09666,16.8165,0,0,8.30798,1.33632,0
TP10L20,90.44287468,105.75525,1365.723371,1365.723371,79.69811,137.20662,1.7026,0,2.31026,0.747438,14.81343,1.21335,149.760795,19.50397,0,269.482567,148.240379,79.69811,3.051682,0,6.19547,2.38039,115.639239,422.021143,186.383277,70.511729,14.543782,61.05244,0.709381,34.717035,77.754259,1.7026,7.48002,0,1.45834,0,44.79202,0,23.146455,8.03452,0,0,0,13.47647,14.24356,0,35.738871,9.48383,2.24844,7.45814
TP10L12,89.14550335,163.18653,100.63395,100.63395,88.87262,221.73193,15.71016,0,6.41555,3.20575,29.87411,10.22606,231.94516,0,0,285.37512,118.68823,88.87262,14.00337,0,0,3.04044,157.666147,461.72557,212.87076,69.254166,8.94373,143.76373,0,48.59005,148.32198,15.71016,17.19232,0,2.78418,0,67.46786,0,21.98957,0,0,0,0,0,6.55106,0,22.69782,6.48212,0,0
TP10L1,78.8660257,59.9501,2135.85812,2135.85812,29.98409,87.7525,0,0,1.18597,106.158,0,0,76.0726,10.93363,0,89.6591,214.03444,29.98409,2.41105,0,0,1.0358,60.87343,178.882615,88.95918,147.13081,2.1655,3.01965,0,22.72107,47.829007,0,5.00743,0,0,0,14.537594,0,21.6239,2.79689,0,41.2741,0,0,33.68889,0,1.24924,2.122128,0,0
TP11L20,93.2095607,162.685301,1631.144885,1631.144885,45.00446,176.473391,10.13837,0,11.59596,9.789111,21.860486,19.589461,175.203157,30.0729,0,378.79526,77.002678,45.00446,19.019828,1.31086,0.784811,10.64241,175.95361,380.35857,185.71726,87.08919,19.569696,65.22499,3.006791,72.178039,111.401323,10.13837,14.270342,0,20.52811,0,49.69496,0,37.377559,4.75642,0,0,0,22.961276,14.13848,0,21.261167,6.476819,0,9.7323
TP11L12,94.62422635,199.155453,1560.946169,1560.946169,54.92516,212.774363,0,0,9.14004,7.952229,18.78509,10.89125,186.05514,13.93763,0,318.66764,103.905269,54.92516,18.743019,0,1.36508,6.07598,138.793616,396.948139,202.46004,93.630522,17.260753,60.78377,0.592038,53.298688,151.843582,0,7.2999,0,10.349274,0,63.369854,0,25.656838,0,0,0,0.7035,30.53694,9.317809,0,27.631613,3.454056,0.625504,13.547027
TP11L1,99.78086194,104.70888,1600.805963,1600.805963,61.62382,129.28196,6.09587,1.48938,17.49665,6.000625,8.92895,36.3199,185.08674,16.101206,0,280.281,129.545558,61.62382,13.678177,0,0,9.39539,173.727504,410.925566,162.46728,82.52764,14.643969,34.02631,4.35742,61.91184,136.539046,6.09587,16.31758,0,38.285939,0,82.20474,0,49.91914,1.66553,0,4.50114,0,6.37465,14.299339,0,13.871827,12.459761,2.33047,6.07847
TP12L20,98.75509766,89.080502,101.798348,101.798348,90.72782,119.524982,6.755125,0,25.11312,22.903011,11.75343,13.203815,220.125876,9.41973,0,170.342587,270.363732,90.72782,22.770254,1.70736,3.913626,7.963088,194.490011,385.116214,143.333602,108.797283,14.707658,26.63562,2.61801,44.430143,139.376755,6.755125,11.406968,3.7222,22.072211,0,84.18207,1.47771,26.665673,5.400384,0,0,0.405776,7.590613,25.534338,15.8028,27.248698,7.744927,2.15496,3.82776
TP12L1,95.32183403,121.05649,3200.934218,3200.934218,21.79395,136.387863,3.209362,0,8.115571,20.55784,11.304971,42.52935,207.703373,12.774714,0,241.593741,86.977011,21.79395,21.883772,1.59557,0.75753,21.849655,296.900327,555.632028,185.079355,88.272859,12.209192,25.415459,3.387839,73.055493,106.163498,3.209362,30.344725,0,86.998644,0,112.373556,0,58.436688,3.832443,0,0,1.56159,7.336366,28.324372,0,44.419591,7.915249,1.04134,11.379224
TP12L12,96.85984604,120.94051,1665.454151,1665.454151,14.402222,134.031907,3.525034,0,25.11679,24.772931,9.531688,21.79998,220.030942,9.02178,0,338.856444,76.653248,14.402222,14.101644,1.110113,0.93407,6.70297,228.375204,583.416542,196.591782,138.296055,28.276048,22.012151,0.202555,55.818176,97.321484,3.525034,42.13062,0,40.516309,0,125.75476,0,39.454006,2.85351,0,0,1.92552,2.17844,26.269814,0,46.965585,7.28319,0,13.392075
TP13L20,98.55584209,108.45048,1401.797377,1401.797377,22.281219,127.01075,11.139427,0,18.182297,46.337213,15.047488,34.45705,221.509852,13.59132,0,312.975462,105.657635,22.281219,25.31353,0.717439,2.04372,14.07838,269.163049,491.144371,140.201888,140.410369,6.540915,28.51209,1.55114,73.144615,88.845404,11.139427,35.140487,2.26211,61.746703,0,122.60465,1.7936,39.120225,7.864888,0,0,2.63311,8.079939,10.714798,0,21.7514,13.397236,0,5.49576
TP13L1,99.13083847,54.27798,192.712605,192.712605,12.353259,67.41345,2.186028,0,19.05083,30.82083,11.47465,15.46846,207.05969,12.584451,0,259.239593,97.230725,12.353259,36.969915,1.84747,0,16.65041,243.384025,434.477182,183.3814,136.668285,15.42094,19.559043,4.817665,56.273907,104.141143,2.186028,27.551198,0,38.17392,0,101.950253,6.92802,35.391557,7.78987,0,0,3.39025,13.453879,18.321345,0,15.208085,4.49242,0,3.688684
TP13L12,96.34108163,75.68603,1673.305984,1673.305984,31.48397,94.65328,4.45119,0,24.59637,38.53139,19.40986,34.118006,226.599717,25.83159,0,337.7925,130.353367,31.48397,29.90268,1.747798,6.80705,22.30837,337.607715,534.988197,149.171796,151.012106,15.342142,19.131569,2.60619,94.145338,111.05803,4.45119,60.645004,0,115.407192,0,111.052625,1.62268,68.992485,9.77723,0,0,0.952878,6.64191,18.623504,0,28.259622,13.913832,0,7.053973
TP14L12,98.40424655,41.19761,385.471708,385.471708,15.667712,59.42722,3.467716,0,24.36177,38.31124,28.899659,31.06218,195.827764,16.748518,0,355.13585,119.641915,15.667712,38.634187,1.619896,4.09928,9.38191,409.746397,387.001612,173.09635,151.539316,14.92859,22.55773,2.50734,72.920252,87.570329,3.467716,47.05221,1.65924,85.461174,0,143.64539,1.31559,47.846555,18.993923,0,0,2.31764,8.87544,16.153967,0,52.003133,20.515652,0,8.339068
TP15L20,97.1650109,23.4018,386.890347,386.890347,8.334558,26.356,13.596571,0,23.94185,43.50016,10.318449,71.743818,147.521058,33.23378,0,433.716943,208.654318,8.334558,51.383887,2.64713,1.20946,4.324719,306.139921,218.196158,143.472705,121.889994,8.440146,17.987818,1.819491,101.530001,27.581141,13.596571,82.468991,2.6774,169.065665,0,144.08187,5.30718,53.155934,25.521736,0,0,1.55825,19.0413,27.493076,0,32.98922,6.672466,0.554196,3.172685
TP15L12,96.23548842,30.933602,227.234741,227.234741,9.783585,47.591514,4.46217,0,24.98904,33.290777,13.778286,32.785975,149.559438,28.423943,0,404.395057,158.328932,9.783585,45.717091,2.4558,0,5.180368,206.481697,198.432147,148.732356,123.190073,12.383635,14.170875,0.902669,84.44659,18.492736,4.46217,55.155536,1.62297,75.884291,0,99.884832,6.43417,53.092451,24.137904,0,0,2.26698,13.91684,27.727454,0,26.663987,13.438315,1.6797,6.230409
TP16L12,96.04813549,40.841692,1172.068421,1172.068421,9.536967,44.53327,2.102196,0,22.149351,27.362703,21.870855,42.242516,139.312773,15.13829,0,478.430617,152.729178,9.536967,29.703066,2.701355,5.40854,3.684592,252.634083,217.27436,102.435773,80.75121,9.60635,11.797654,1.866975,54.927426,22.341711,2.102196,101.608396,0,211.345516,0,162.566364,6.56085,38.232336,17.464625,0,0,2.64872,6.856145,22.960926,0,47.06662,4.059385,0.214097,9.069284
TP17L1,95.21606119,65.29258,1411.8146,1411.8146,20.368134,79.648375,4.4956,67.3597,18.82868,93.5763,27.174181,99.76713,213.978278,27.31268,0,327.99831,176.001995,20.368134,59.329241,1.26413,5.33056,19.024245,596.381756,404.769487,182.152002,130.758531,22.82483,26.726167,5.019465,129.882235,262.696289,4.4956,219.0635,0,503.27533,0,127.299679,2.28099,114.885701,14.40822,0,0,3.34863,6.759903,19.775459,0,33.059869,17.772033,0,11.017997
TP17L20,98.77844868,43.13575,1736.384123,1736.384123,16.412928,53.63769,9.408697,0,26.21134,59.33836,16.280967,91.60267,120.707116,6.349157,0,334.466122,154.571186,16.412928,51.511404,2.79403,1.5673,15.217675,455.39364,386.62888,165.242367,212.555309,26.575845,22.454555,3.57431,125.274382,148.221658,9.408697,206.46276,0,463.588875,0,150.393665,2.75097,110.374785,9.195845,0,2.08064,2.01929,1.824715,17.138511,0,35.817266,17.941714,0.718167,10.944429
TP17L12,98.47721592,27.594622,1331.645915,1331.645915,14.497344,36.182622,5.29609,0,20.12271,53.31453,12.677215,54.16056,141.995807,18.339777,0,310.640499,129.983937,14.497344,38.034143,1.69378,4.605982,10.920444,354.824494,445.830359,152.160917,174.840348,25.19711,24.61444,5.222794,83.941623,75.574055,5.29609,220.10686,0,288.883134,0,168.112722,2.84588,60.237069,21.36729,0,0,3.89939,5.572737,21.172879,0,43.188978,16.674762,0.495296,10.76589
TP3L6,4.043969342,190.682,0,0,62.71123,300.2327,0,0,0,0,0,0,239.7167,0,0,0,102.93458,62.71123,7.62581,0,0,0,17.76462,82.29883,10.7006,7.23624,0,0,0,50.12127,67.97188,0,17.4216,0,0,0,0,0,50.12127,26.5385,0,0,0,0,7.30459,0,0,4.07039,4.12596,0
TP3L14,16.07072948,181.315,1829.45,1829.45,18.70766,252.4611,0,0,0,0,0,0,163.618,0,0,0,45.32567,18.70766,2.53792,0,0,0,16.87201,63.59868,0,9.79855,0,0,0,61.57378,70.498479,0,9.48768,0,0,0,0,0,61.57378,17.6644,0,0,0,0,1.00E-06,0,0,8.28769,2.05972,0
TP3L17,6.719256797,212.908,0,0,41.97518,308.0893,0,0,0,0,0,0,162.2605,0,0,0,53.61671,41.97518,9.93379,0,0,0,1.68839,73.9144,0,1.21755,0,0,0,18.05519,32.91523,0,0,0,0,0,0,0,18.05519,19.7546,0,0,0,0,26.6013,0,0,15.2123,0,0
TP4L6,32.29236222,142.326,1570.52,1570.52,66.82356,262.518,0,0,0,0,0,0,208.9001,0,0,0,87.10669,66.82356,5.19699,0,0,0,39.81138,57.40515,0,10.404,0,0,0,47.27929,71.71821,0,9.71412,0,0,0,0,0,47.27929,24.1147,0,0,0,0,5.73044,0,0,6.18994,4.21776,0
TP4L14,9.513803972,172.745,0,0,65.96502,278.99955,0,0,0,0,0,0,178.94125,0,0,4.27852,105.08525,65.96502,5.09046,0,0,0,10.5987,81.0863,0,9.82676,0,0,0,25.83727,63.31198,0,6.34333,0,0,0,0,0,25.83727,35.4306,0,0,0,0,20.1132,0,0,14.7787,0,0
TP4L17,4.799258361,201.395,2225.17,2225.17,69.2123,325.3196,0,0,0,0,0,0,172.7826,0,0,0,93.72242,69.2123,1.12759,0,0,0,16.26116,59.37216,7.49712,7.73952,0,0,0,41.52573,63.36042,0,7.0256,0,0,0,0,0,41.52573,19.6207,0,0,0,0,12.4334,0,0,8.05822,7.32105,0
TP5L6,10.15024422,111.155,0,0,80.68968,210.49913,0,0,0,0,0,0,163.41633,0,0,0,105.19971,80.68968,11.3155,0,0,0,1.12009,79.0595,0,6.06769,0,0,0,23.92394,46.57578,0,5.28767,0,0,0,0,0,23.92394,14.7671,0,0,0,0,0.685848,0,0,8.84456,0,0
TP5L14,11.15253447,43.0546,5883.19,5883.19,45.47458,131.1484,0,0,0,0,0,0,122.8538,0,0,11.21,52.21903,45.47458,8.60927,0,0,0,5.92258,79.404247,0,14.0627,0,0,0,25.52531,56.49528,0,2.14564,0,0,0,0,0,25.52531,2.99611,0,0,0,0,10.7078,0,0,7.57388,1.39742,0
TP5L17,10.34105815,121.62153,0,0,150.23738,216.50572,0,0,0,0,0,0,151.12879,0,0,0,233.05361,150.23738,7.51515,0,0,0,9.24692,102.8239,0,10.33008,0,0,0,54.37478,50.11519,0,20.6025,0,0,0,0,0,54.37478,15.6921,0,0,0,0,0,0,0,0,9.75861,0
TP6L6,15.71409697,147.793,1542.85,1542.85,67.68734,246.62272,0,0,0,0,0,0,144.36652,0,0,5.48798,91.51984,67.68734,10.952,0,0,0,14.22231,78.1519,0,16.23341,0,0,0,8.89392,29.480444,0,4.54916,0,0,0,0,0,8.89392,21.1744,0,0,0,0,4.94302,0,0,11.3216,1.9752,0
TP6L14,6.215437339,103.885,1753.65,1753.65,68.61053,205.01455,0,0,0,0,0,0,149.59535,0,0,0,101.70395,68.61053,5.59272,0,0,0,19.39296,76.87373,0,14.3951,0,0,0,24.94465,66.45571,0,9.75689,0,0,0,0,0,24.94465,15.5705,0,0,0,0,3.1396,0,0,15.9871,3.63114,0
TP6L17,2.981191624,218.656,2.2919,2.2919,100.295,338.39158,0,0,0,0,0,0,166.31488,0,0,3.25815,195.77486,100.295,15.303,0,0,0,6.55368,122.80328,0,10.7423,0,3.26072,0,56.07094,56.78637,0,20.803,0,0,0,0,0,56.07094,29.0487,0,0,0,0,16.3625,0,0,14.9129,0,0
TP7L6,7.352477122,75.9755,0,0,42.17296,182.8157,0,0,0,0,0,0,176.6564,0,0,3.84639,82.00916,42.17296,20.0874,0,0,0,24.20574,85.3952,2.15975,13.1792,0,0,0,23.28363,71.95338,0,11.7795,0,0,0,0,0,23.28363,12.3364,0,0,0,0,0,0,0,7.56844,5.75383,0
TP8L14,31.28335358,381.967,0,0,138.59981,495.45556,0,0,4.05373,0,0,2.98923,159.44916,0,0,17.49615,427.5773,138.59981,9.88489,0,0,0,63.54971,147.60964,0,3.820938,2.75087,0,0,69.38809,56.27445,0,38.2734,0,0,0,0,0,69.38809,31.6704,0,0,0,0,12.2582,0,0,12.1941,3.69286,0
TP8L6,13.94525656,368.233,3017.41,3017.41,98.48164,434.1548,0,0,0,66.7473,0,0,102.60897,0,0,25.68309,409.89591,98.48164,3.783777,0,0,0,30.224897,140.61726,0,57.20504,0,0,0,51.75337,46.41506,0,13.8532,0,0,0,0,0,51.75337,31.6542,0,14.3358,0,0,31.43166,0,0,6.31963,3.28086,0
TP8L17,14.44266315,165.961,0,0,70.15422,243.6511,0,0,0,0,0,0,101.7701,0,0,9.4627,137.04148,70.15422,12.2264,0,0,0,39.77595,141.11604,10.30514,18.27993,0,0,0,47.13633,75.83746,0,12.1884,0,0,0,2.31592,0,47.13633,8.50979,0,0,0,0,9.86615,0,0,10.9218,3.96906,0
TP9L14,37.16015602,211.993,2814.91,2814.91,143.0751,295.14387,0,0,0,0,0,0,180.55447,0,0,4.61627,240.09418,143.0751,2.47278,0,0,0,10.01583,68.7785,0,11.16721,0,0,0,94.4047,100.0701,0,24.6511,0,0,0,2.52373,0,92.7168,21.5138,0,0,0,0,0,0,0,12.1491,0,0
TP9L6,10.92130518,182.284,0,0,153.9061,302.5124,0,0,0,0,0,0,229.9894,0,0,4.03545,392.68665,153.9061,5.37155,0,0,0,32.91019,205.39058,2.16201,18.4345,0,0,0,189.2522,84.12549,0,28.4478,0,0,0,0,0,189.2522,18.6935,0,0,0,0,7.06721,0,0,15.5948,0,0
TP9L17,26.32844761,154.194,3809.00504,3809.00504,265.54043,221.44212,0,0,0,0,2.389,0,162.490122,0,0,16.10654,411.5299,265.54043,0.863319,0,0,0,26.179556,66.204341,9.24405,26.2695,5.31218,0,0,53.0836,45.20622,0,25.8192,0,0,0,12.54351,0,53.0836,18.0266,0,0,0,0,12.22917,0,2.00609,3.856,0,0
TP10L14,46.70169294,214.583,2463.28,2463.28,163.52061,320.81663,0,0,0,22.255,0,0,193.11933,0,0,0,216.3827,163.52061,8.4476,0,0,0,8.40961,144.0825,5.42721,15.34485,0,0,0,42.03537,50.340036,0,31.5802,0,0,0,0,0,42.03537,32.6649,0,0,0,0,5.07209,0,0,6.5924,0,0
TP10L6,39.51850868,158.458,4054.60622,4054.60622,152.05927,241.37881,0,0,0,0,2.6731,0,146.26211,0,0,21.92248,212.88473,152.05927,6.65397,0,0,0,38.08047,176.54837,39.97609,10.34555,2.6818,10.13651,0.851882,47.72454,60.381744,0,11.0555,0,0,0,15.05682,0,46.21056,19.297,0,0,0,0,17.024524,0,0,5.14752,7.20029,0
TP10L17,32.64640748,210.135,0,0,177.73148,327.1816,0,0,0,0,0,0,213.5962,0,0,0,200.09964,177.73148,6.53627,0,0,0,17.40884,75.9467,0,8.48851,0,0,0,51.267,59.51288,0,32.5799,0,0,0,0,0,51.267,0,0,0,0,0,1.99301,0,0,11.6777,2.65235,0
TP11L14,38.84054178,236.333,0,0,213.50138,347.7836,0,0,0,0,0,0,176.42385,0,0,34.98148,270.25656,213.50138,2.54464,0,4.50695,1.39584,44.876172,101.23107,19.71376,24.7687,0,0,0,212.94123,57.15783,0,198.183,0,0,0,0,0,208.29014,8.85558,0,0,0,0,8.56639,0,2.87773,1.92227,2.06517,0
TP11L6,48.19885684,141.5019,6134.47647,6134.47647,224.30235,220.062,0,0,0,0,0,0,155.5779,0,0,81.35915,301.29965,224.30235,7.44316,0,0,0,72.49477,114.87601,47.58769,41.14421,1.82367,0,0,74.51109,23.21016,0,64.9256,0,0,0,12.25791,0,74.51109,5.18058,0,0,0,0,9.74389,0,15.0997,1.32979,2.41628,0
TP11L17,43.8568298,143.228,60.64322,60.64322,313.9942,234.66559,0,0,0,0,11.882,7.71799,185.704343,0,0,31.01264,454.41626,313.9942,3.00721,0,0,0,87.746837,80.27673,24.78529,8.24082,0,0,0,152.6079,73.772741,0,126.161,0,1.58297,0,8.53623,0,152.6079,0,0,0,0,0,20.81406,0,0,6.26811,1.62706,0
TP12L6,82.15695782,65.43014,4329.36138,4329.36138,194.98228,116.40244,0,0,3.76644,1.3772,0,0,110.89178,0,0,166.4444,265.351013,194.98228,14.98259,0,0,1.0965,122.06935,204.626125,79.16458,36.41538,4.34981,11.12774,1.30707,37.68195,71.221017,0,18.84146,0,9.06951,0,1.95405,0,33.41034,2.96082,0,0,0,0,9.09235,0,0,11.87746,0,0
TP12L14,82.90450769,66.7142,20.27994,20.27994,129.54705,186.28127,9.84153,0,3.32771,3.02321,4.83495,7.18992,255.21658,5.86747,0,229.82187,195.377517,129.54705,5.157026,0,0,3.07343,139.804127,275.536066,167.75729,50.35438,5.74599,1.61168,0,78.05479,84.17937,9.84153,53.85458,0,7.05123,0,9.97982,0,75.50512,25.9982,0,0,0,5.86747,0,0,12.53801,14.181,0,0
TP12L17,72.02461065,89.71699,7096.66548,7096.66548,153.61689,169.59829,0,0,1.8752,6.18349,0,0,122.051568,2.50774,0,76.00193,195.56349,153.61689,4.920283,0,0,1.515935,55.463545,126.051297,71.34088,36.837861,3.12637,0,1.4642,33.44737,59.894053,0,26.1278,0,7.43266,0,15.331454,0,33.44737,22.1116,0,0,0,6.46688,15.67944,0,13.226383,9.08124,3.09393,1.41236
TP13L14,97.35356693,95.62696,3324.08143,3324.08143,96.82793,169.183959,0,0,10.73549,18.42599,5.62358,8.82068,175.194379,3.55095,0,162.58629,186.303384,96.82793,18.30543,0,0,5.279957,152.668045,144.404976,89.83621,61.22756,3.38626,16.60348,0.537828,67.49269,106.498882,0,34.81212,5.49039,41.11021,0,38.4017,0,52.44393,11.74659,0,0,0,0,8.990555,0,0,1.87634,1.13646,0
TP13L17,92.61073421,99.09568,2520.07163,2520.07163,251.9564,178.36958,21.12653,0,8.88107,5.71866,3.91042,19.72366,203.1169,18.07773,0,212.53301,312.54558,251.9564,12.47044,1.75723,0,10.72453,144.653329,165.655814,126.48154,77.81364,3.97707,12.63445,0,69.485499,105.204,21.12653,63.42339,0,51.93087,0,28.56002,0,64.662589,7.37667,0,0,1.28986,9.00011,13.411837,0,8.965389,3.73667,4.58742,5.70623
TP13L6,89.01295692,117.2253,414.45266,414.45266,203.4192,183.38397,0,0,4.07471,22.05429,17.67527,19.99451,195.631843,9.46535,0,387.52896,318.81103,203.4192,11.62034,0,0,8.7841,361.115,388.42821,162.29676,133.089,22.45065,3.94065,0,70.00384,161.90515,0,41.08042,0,137.94956,0,66.2375,0,54.34603,19.2189,0,0,3.36055,0,7.58135,0,28.64089,3.115158,4.48196,0
TP14L6,91.17588776,130.87369,224.34961,224.34961,127.83567,197.244137,7.66274,0,7.58345,9.71492,0,35.92727,149.995587,12.09068,0,355.54171,242.25015,127.83567,25.72826,0,2.79168,11.17133,230.700857,244.51488,142.14227,110.12782,8.29777,10.59606,1.21076,40.252403,147.8918,7.66274,53.3011,0,62.32013,0,64.17544,0,38.100613,11.74479,0,0,0,0,16.89549,0,44.76536,6.18732,0,12.7295
TP15L6,82.95599675,40.663992,1984.530649,1984.530649,24.040195,47.829868,7.69255,0,5.94224,13.56707,11.828617,36.455866,85.680285,22.26599,0,330.855532,134.51568,24.040195,16.663249,0.574041,3.3918,8.19551,203.303757,186.025506,179.76142,72.736651,7.853908,16.474877,0.383906,70.243491,61.37602,7.69255,39.467678,5.22544,99.528298,0,80.51899,1.0358,55.678021,9.010354,0,1.56681,1.52061,7.380253,14.637351,0,27.814704,4.077303,1.08162,2.533725
TP15L14,94.87036001,27.91745,94.685507,94.685507,42.446328,52.467053,8.391193,0,9.036744,17.740663,11.93121,22.050747,88.372206,8.47745,0,169.902811,141.29069,42.446328,26.50037,0,1.26383,3.93681,165.243939,111.43766,68.651379,38.110707,7.816496,9.524086,1.620304,54.837297,36.872813,8.391193,26.227597,1.47724,38.482408,0,50.009797,0,39.705107,4.480232,0,0,2.06342,0.479756,2.449168,0,14.462599,10.422645,1.2231,5.36636
TP15L17,95.29409662,47.5684,963.11037,963.11037,90.24732,113.76921,14.99141,0,8.0317,9.466109,8.20674,13.49613,172.47015,9.70094,0,162.75312,206.990453,90.24732,52.9481,0,2.62635,7.135475,211.785978,199.269954,153.90274,110.917235,15.247429,4.91208,3.09048,77.81543,55.151389,14.99141,24.15514,0,53.03111,0,64.06343,0,61.48198,11.29838,0,0,1.35351,8.88581,20.668808,0,31.733353,14.26898,0,14.99917
TP16L6,87.12488298,94.56919,463.94449,463.94449,86.91283,118.76729,12.12282,0,14.69319,31.00446,15.07085,84.79794,111.94869,22.00282,0,424.31204,219.316478,86.91283,16.65798,1.39174,0,21.5178,533.289114,344.997281,146.15911,154.685891,44.00724,36.47771,2.48203,143.11056,215.335157,12.12282,118.82302,0,280.31974,0,171.98928,0,100.4656,24.8978,0,0,11.7973,0,46.00643,0,25.82948,5.918015,0,3.59124
TP17L6,87.60532342,73.53283,305.25035,305.25035,87.7419,108.06982,8.4403,1.97809,10.42726,39.39629,23.5655,30.15428,172.828211,20.03428,0,290.192525,207.085373,87.7419,30.689157,0.547559,4.38372,22.15217,354.154806,419.513695,152.90838,127.827972,29.547684,20.88244,1.46478,79.342252,102.891547,8.4403,35.40864,0,87.902947,0,138.768924,1.97602,68.282872,23.41026,0,5.9781,3.4811,0,29.463599,0,44.85627,15.984304,3.09516,4.949899
TP17L14,98.07654588,48.47457,1333.546359,1334.932969,49.64254,80.452857,8.36125,0,16.20631,61.61482,13.87341,50.83351,126.91461,31.83105,0,371.628638,244.152728,49.64254,43.02064,1.307163,7.99573,15.578914,426.683186,295.016123,120.5176,127.921205,9.879901,16.474444,6.08031,104.323392,82.00122,8.36125,68.643076,0,115.059518,1.38661,146.710367,1.93053,85.850215,21.04133,0,5.84046,6.23508,17.487243,34.411155,0,16.620374,9.95013,1.00797,1.613477
TP17L17,98.03271282,88.50346,664.886688,664.886688,67.61496,121.92406,7.32452,0,19.10396,55.87422,20.59364,78.46754,160.915356,23.52399,1.35115,333.091041,239.700234,67.61496,24.053788,0,4.18586,30.96432,467.972497,344.87315,151.779516,150.068824,10.550267,31.78104,0.507772,117.385785,93.000828,7.32452,124.367727,7.77535,217.213761,0,148.06052,4.10998,93.20898,19.00674,0,3.1085,5.43033,2.562222,33.709706,0,35.67492,2.644205,0.536475,15.127714
TP9L4,46.91141261,79.3866,3918.98542,3918.98542,139.26878,166.53204,0,0,0,0,0,0,162.33943,0,0,146.87254,253.63751,139.26878,5.97028,0,0,0,27.46272,174.720347,82.1169,41.50235,9.89485,9.86275,0,67.39114,52.37222,0,30.5931,0,0,0,5.71615,0,60.54316,4.74659,0,0,0,0,15.65792,0,36.041553,3.12202,0,0
TP9L21,47.34874027,134.565,2492.2687,2492.2687,193.53605,251.87312,0,0,2.85578,0,0,0,203.358851,0,0,96.95684,267.80342,193.53605,7.486192,0,0,0,49.55921,148.912287,56.18116,15.28853,4.61379,11.37918,0,82.20965,50.52781,0,76.8152,0,0,0,15.35516,0,79.87203,20.8566,0,0,0,0,14.4848,0,6.405131,6.11843,2.77936,0
TP9L15,76.77070713,166.307,9.48107,9.48107,213.26562,276.7121,0,0,2.86262,10.74043,0,5.09755,221.296658,0,0,155.84661,298.72574,213.26562,10.83579,0,3.43583,0,44.382943,166.04119,125.1918,21.36716,5.49038,0,0,74.67333,38.787251,0,61.98095,0,0,0,20.67921,0,74.67333,6.75096,0,0,0,0,0,0,16.59931,9.53089,3.14873,0
TP10L4,77.11520535,109.55574,27.06817,27.06817,55.20249,173.34174,0,0,7.84942,0,0,4.25081,156.778309,0,0,182.50042,147.67884,55.20249,10.312546,1.53768,0,0.979145,109.276745,236.242747,77.31663,27.650677,0,23.24189,0,70.278,66.814496,0,8.49724,0,0,0,21.20541,0,64.18589,15.5299,0,0,0,0,9.765385,0,7.67566,6.72964,4.34599,7.20789
TP10L21,77.77297536,159.31893,9.50281,9.50281,231.28944,294.30251,0,0,8.95258,2.26386,11.4711,0,252.56365,2.72143,0,200.94344,331.74097,231.28944,9.30584,0,0,3.03185,83.07176,347.82449,155.79797,67.2098,12.54916,25.94167,0,105.32904,57.72494,0,50.30204,0,19.72429,0,122.09061,0,94.01074,14.4261,0,0,0,0,12.78731,0,31.634998,2.08764,2.24284,0
TP10L15,75.99687081,109.7914,33.656839,33.656839,209.13486,169.94878,0,0,10.13875,10.1436,14.78945,2.82515,165.03264,14.67773,0,183.43986,523.11416,209.13486,15.23614,0,0,0,216.346264,301.9537,107.08052,47.66683,5.19975,15.8732,0,48.10971,72.547107,0,10.7178,0,35.38098,0,24.61407,0,45.17425,56.32099,0,0,0,2.75215,13.71725,0,26.85799,2.49389,1.74508,0
TP11L4,72.40543547,128.08128,140.49032,140.49032,80.307352,190.434935,4.19186,0,13.1041,6.177493,14.56056,11.8324,220.673645,15.77948,0,263.26554,329.277646,80.307352,15.127206,1.23302,0,6.973483,253.69858,541.815524,131.20775,40.169158,23.8596,28.985588,0,83.639258,129.359542,4.19186,15.15471,0,12.821594,0,89.55267,0,73.486758,17.2536,0,0,0,2.8267,22.301526,0,35.294858,10.97518,2.41419,4.25049
TP11L21,77.98000189,127.24255,1487.21107,1487.21107,75.70455,176.362248,5.17241,0,20.70416,6.95056,11.36464,9.4992,183.240808,5.85835,0,268.52022,216.035665,75.70455,12.563407,0.92054,0,3.706389,200.200376,393.329421,123.533814,55.02789,6.9164,23.79153,3.774684,72.152522,88.655052,5.17241,27.46379,0,2.346047,0,57.369595,0,58.192432,13.213,0,0,0,9.84511,10.395936,0,20.97607,10.77034,1.7345,4.5807
TP11L15,82.6847579,139.86196,2298.413109,2298.413109,82.64098,212.512042,1.94558,0,9.77464,5.771946,18.0427,2.69824,238.914372,3.40702,0,223.75014,577.250416,82.64098,14.66455,0,0,2.028806,218.775044,417.361042,108.273761,47.357865,7.32252,34.35054,0,50.8034,66.68833,1.94558,18.92338,0,16.29573,0,46.66191,0,40.88887,6.49285,0,0,0,6.72976,14.801885,0,21.819703,1.11109,0,0
TP12L21,92.83971105,126.44434,187.896042,187.896042,91.73374,179.90047,2.20655,0,31.81912,22.444768,13.21,18.62186,251.942681,25.44424,0,344.38974,192.528264,91.73374,21.02919,0,0,5.441562,349.198123,417.61868,170.340991,100.774371,20.31684,31.25291,0.636415,76.070359,103.08719,2.20655,22.16023,0,33.93671,0,79.103317,0,55.59135,16.12612,0,0,0,4.23622,22.689239,0,13.922204,22.15175,0.67239,16.11278
TP13L4,94.99250948,83.91355,274.34858,274.34858,44.346837,117.635883,7.12412,0,39.64918,19.078308,26.5302,15.12954,199.588196,6.02558,0,336.3986,148.781974,44.346837,20.22162,0.770136,9.03731,8.89695,485.190679,502.42065,99.93022,60.03577,12.37843,31.246208,8.25789,106.978912,163.979526,7.12412,17.130487,0,44.735532,0,101.48252,0,74.873832,15.948801,0,0,0,18.21407,26.195495,0,28.35587,25.064982,2.17665,5.26854
TP13L15,91.77650107,91.43856,2094.44218,2094.44218,39.670569,127.72139,1.4604,0,27.81565,70.25104,52.903193,26.45268,143.375848,8.98165,0,252.922322,171.129282,39.670569,46.54971,0.682368,16.74903,25.90596,793.93941,257.12464,110.49902,59.967607,6.107086,28.35751,6.708305,159.117732,278.179365,1.4604,39.79091,0,111.23033,0,112.297792,0,140.584152,7.11084,0,0,1.44605,1.01385,17.653213,0,29.14465,2.962286,0,9.96149
TP13L21,95.45690201,90.716396,1373.313934,1373.313934,29.982839,127.646896,1.495981,0,25.95183,21.33843,24.19278,23.80284,167.228569,10.820254,0,236.37444,142.216258,29.982839,35.838505,0.975096,3.833914,7.16989,396.7908,284.822443,96.48167,65.488208,20.18872,20.430025,2.735044,69.893785,135.600426,1.495981,26.286122,0,31.795898,0,126.158275,0,61.965745,12.7059,0,5.2828,3.58893,8.043338,24.008232,0,25.161108,6.059102,1.36758,6.39258
TP14L21,96.96119294,87.70837,1582.738746,1582.738746,27.026383,136.133418,10.64759,0,27.43906,37.98614,32.46938,33.37406,223.030012,16.091161,0,286.381135,122.941569,27.026383,35.357869,0,5.676635,19.13425,589.085573,375.3931,135.84258,79.626461,32.28053,30.081709,0.864698,102.269746,176.363378,10.64759,69.7472,2.20681,88.485178,0,125.840799,0,82.901964,19.964962,0,0,0.513747,4.806146,23.092823,0,33.432507,7.443251,0,6.854754
TP15L4,92.92358348,75.37527,1040.885541,1040.885541,15.933772,106.78956,10.97652,0,21.071072,78.62857,67.415635,77.60135,158.943343,46.33057,0,378.087055,115.687917,15.933772,41.697693,2.35318,9.629028,18.4066,874.26523,354.440646,125.42411,82.27463,24.11746,34.96145,5.18323,159.861503,458.634803,10.97652,124.635187,0,222.646755,0,143.677254,0,148.11114,15.197306,0,0,0.997357,4.343731,23.004934,0,40.73271,21.057781,2.21695,11.49685
TP15L15,95.01303009,27.47018,3069.65761,3069.65761,6.243735,45.37607,9.33926,0,18.64235,203.46786,141.74278,163.66282,126.521876,20.99892,0,259.355462,138.956389,6.243735,61.516486,3.76703,13.68798,54.78382,1843.58303,287.94771,112.13331,81.996194,35.74345,46.87951,7.37147,256.176428,796.486144,9.33926,220.433321,0,545.504314,0,164.049775,0,244.1536,16.41459,0,0,2.42225,6.264193,19.358822,0,35.506484,14.31887,0,25.12319
TP15L21,91.38099714,64.35125,1980.367866,1980.367866,15.79137,84.164502,10.5434,0,27.553484,82.35589,64.343507,68.671193,144.023851,19.053232,0,345.47395,126.311312,15.79137,39.675263,3.06086,8.780497,20.822392,910.448053,317.117646,124.81405,116.875666,28.531188,27.573918,1.90333,129.088767,343.435707,10.5434,144.98151,0,247.141135,0,142.194604,0,113.358857,10.77429,0,0,1.23363,4.667702,24.75365,0,51.29802,18.69,1.09686,17.231292
TP16L21,91.20284597,67.92503,2566.784418,2566.784418,14.838261,91.10748,10.16866,0,23.80942,96.36945,70.74481,116.325418,143.97821,11.094724,0,406.7553,121.601824,14.838261,34.071871,2.06364,2.98625,13.35458,1160.80097,342.480106,102.20313,67.316351,22.500013,51.37199,4.14095,170.381038,494.327765,10.16866,141.203918,0,323.816889,0,186.374843,2.31155,139.604631,14.72854,0,0,2.37544,11.394274,18.771038,0,33.387513,10.538472,0.301726,16.827769
TP17L4,92.36975565,95.267986,2766.609563,2766.609563,10.056523,110.420655,4.668192,0,24.31263,146.87672,61.893534,107.60968,117.990806,30.19305,0,440.04603,124.777098,10.056523,47.56841,3.21857,9.40425,14.224272,1012.812763,433.610326,130.881444,120.192899,35.428689,51.364932,9.22389,134.418364,601.347652,4.668192,393.34614,0,586.864549,0,212.031593,0,118.479764,6.840942,0,0,1.55016,3.170643,16.575462,0,41.026056,20.316639,0.275658,8.56302
TP17L15,95.461513,74.46982,6391.05108,6391.05108,9.788056,78.76818,8.385981,0,23.15787,294.356863,92.09239,271.722285,147.334196,25.743374,0,363.553505,133.427967,9.788056,47.802999,5.82126,11.28123,22.87543,1419.639084,345.848603,115.340993,111.190976,27.307251,53.991855,9.963744,193.046067,901.379363,8.385981,730.52705,0,1184.035683,0,176.231131,0,172.096424,6.114779,0,0,1.49612,2.657476,12.098575,0,32.387655,16.686097,0,19.629387
TP17L21,93.92259491,67.04265,2364.10166,2364.10166,41.117278,96.705966,5.75088,0,17.62353,90.26484,40.94819,69.085054,138.655366,18.23585,0,343.186584,153.646999,41.117278,25.546703,3.81542,17.86136,18.351051,755.833339,274.84109,76.631547,70.984211,29.943516,32.57158,3.40222,135.651105,261.870145,5.75088,178.64645,0,253.560959,0,154.336553,0,127.231685,11.675357,0,0,3.46521,18.49037,17.224647,0,22.653832,8.598847,1.54052,11.52629
TP2L11,5.538361297,19.3537,0,0,16.86527,117.5869,0,0,0,25.5592,0,0,166.2598,0,0,0,62.93731,16.86527,5.418,0,0,0,47.6087,25.53542,0,27.5142,0,0,0,204.7284,71.22135,0,30.3817,0,0,0,0,0,204.7284,4.71379,0,0,0,0,1.49353,0,0,12.0997,2.19856,0
TP2L19,24.30378456,40.0834,1556.56,1556.56,28.70613,109.08553,0,0,0,0,0,0,108.78273,0,0,0,44.30513,28.70613,12.3433,0,0,0,14.64845,25.6023,0,18.2921,0,0,0,152.6812,108.37745,0,16.7796,0,0,0,0,0,152.6812,7.81015,0,0,0,0,3.7119,0,0,8.63099,0,0
TP2L2,3.939040128,71.9019,1959.02,1959.02,27.54831,156.0361,0,0,0,0,0,0,150.2071,0,0,0,46.73931,27.54831,10.83548,0,0,0,33.48313,54.424,0,11.5132,0,0,0,204.8594,76.21848,0,20.9023,0,0,0,0,0,204.8594,7.78329,0,0,0,0,1.23304,0,0,4.28712,0,0
TP3L11,8.151894242,166.934,0,0,55.55984,269.4651,0,0,0,0,0,0,269.3541,0,0,0,64.14029,55.55984,13.1435,0,0,0,10.11827,44.4271,0,8.77077,0,0,0,10.16215,94.27917,0,9.09911,0,0,0,0,0,10.16215,5.08229,0,0,0,0,0.391204,0,0,5.21825,4.74088,0
TP3L19,10.52430366,162.682,0,0,47.40564,274.2259,0,0,0,61.384,0,0,359.8099,0,0,4.88775,78.67401,47.40564,6.50604,0,0,0,0,56.353,0,11.1639,0,0,0,21.85036,44.66284,0,10.1341,0,0,0,0,0,21.85036,16.9812,0,0,0,0,0,0,0,0,0,0
TP3L2,15.36938248,65.13,0,0,29.823781,140.54676,0,0,0,0,0,0,123.10966,0,0,0,33.605976,29.823781,9.11644,0,0,0,4.041222,40.6758,0,11.7324,0,0,0,17.7078,33.22598,0,4.26007,0,0,0,0,0,10.76772,7.93152,0,0,0,0,4.11235,0,0,7.39518,0.924839,0
TP4L19,8.012766266,163.594,1582.19,1582.19,59.22114,260.25481,0,0,0,0,0,0,159.18531,0,0,2.03783,103.04884,59.22114,6.24513,0,0,0,18.13819,67.2254,0,5.35812,0,0,0,55.602,57.57356,0,16.8614,0,0,0,0,0,55.602,21.7337,0,0,0,0,5.21694,0,0,4.64897,0,0
TP4L2,9.136325487,79.3711,0,0,41.82048,173.7576,0,0,0,0,0,0,195.9765,0,0,5.05564,97.8128,41.82048,9.5227,0,0,0,7.75608,166.78681,0,10.8936,0,0,0,91.3094,121.53791,0,17.7997,0,0,0,0,0,91.3094,5.52331,0,0,0,0,18.0836,0,0,11.3421,2.57614,0
TP5L11,9.290540541,27.4596,0,0,106.60015,168.34899,0,0,0,0,0,0,303.64539,0,0,0,123.83672,106.60015,7.6872,0,0,0,32.67226,80.51703,0,28.06039,0,0,0,147.9148,98.98706,0,22.3514,0,0,0,0,0,147.9148,13.3761,0,0,0,0,0.000167,0,0,2.92807,0,0
TP5L2,4.670674955,59.9645,0,0,27.07687,216.15307,0,0,0,0,0,0,229.54477,0,0,0,39.0156,27.07687,7.34424,0,0,0,26.42778,76.77888,0,21.2357,0,0,0,46.42274,85.69807,0,9.15181,0,0,0,0,0,46.42274,18.2562,0,0,0,0,2.17366,0,0,9.5501,6.81191,0
TP5L19,9.254487582,119.532,0,0,153.46662,232.7219,0,0,0,0,0,0,200.1478,0,0,0,182.74826,153.46662,11.1542,0,0,0,6.35782,89.1817,1.47886,28.7097,0,0,0,51.18481,68.364536,0,27.7989,0,0,0,0,0,51.18481,3.2348,0,0,0,0,2.48493,0,0,16.6066,0,0
TP6L11,8.693927736,31.4029,1936.32,1936.32,119.60406,111.70177,0,0,0,10.368,0,0,174.44517,0,0,2.20669,137.19088,119.60406,8.79113,0,0,0,1.25999,82.924,0,5.65688,0,0,0,42.53128,48.1274,0,17.8016,0,0,0,0,0,42.53128,11.4727,0,0,0,0,3.48834,0,0,0,1.78367,0
TP6L19,5.452347794,111.122,0,0,117.36111,192.58453,0,0,0,0,0,0,173.36473,0,0,0,158.66768,117.36111,5.65604,0,0,0,17.7864,78.80747,0,13.3449,0,0,0,63.65541,61.2701,0,44.0507,0,0,0,0,0,63.65541,19.6836,0,0,0,0,0,0,0,7.57879,2.29516,0
TP6L2,4.884437596,140.207,1491.2,1491.2,135.77334,266.1457,0,0,0,0,0,0,235.0747,0,0,2.70366,150.24703,135.77334,3.46327,0,0,0,6.52272,98.87174,0,19.8092,0,0,0,91.45311,50.20856,0,70.4891,0,0,0,0,0,91.45311,4.01751,0,0,0,0,17.8209,0,0,8.4198,0,0
TP7L11,14.6478376,43.4027,0,0,143.44368,161.11228,0,0,0,0,0,0,214.42838,0,0,8.03871,183.98068,143.44368,8.10027,0,0,0,34.53746,102.8315,29.85023,16.58993,0,0,0,35.71581,61.43737,0,32.8053,0,0,0,0,0,35.71581,21.1423,0,0,0,0,5.949,0,0,18.0899,3.287,0
TP8L19,24.4951788,162.667,3008.87,3008.87,185.22317,233.5596,0,0,0,39.0589,5.72791,0,154.06835,0,0,37.33043,377.21297,185.22317,3.10487,0,0,0,14.69297,59.1354,42.1209,86.0231,2.78865,0,0,65.32507,52.56183,0,56.7459,0,0,0,5.88665,0,65.32507,7.20348,0,0,0,0,13.97658,0,0,6.47166,1.67989,0
TP8L11,21.94583036,238.033,3433.95464,3433.95464,280.93917,360.9496,0,0,0,0,0,0,211.5045,0,0,42.15155,421.61199,280.93917,1.11061,0,0,0,6.27184,73.10458,23.82152,29.547622,0,0,0,96.94358,37.34295,0,83.037,0,0,0,0,0,92.88366,7.73002,0,0,0,0,16.7363,0,2.5807,5.9526,0,0
TP8L2,38.84139033,185.466,0,0,305.96404,294.875,0,0,15.0221,0,0,0,250.014,0,0,37.02644,362.74945,305.96404,7.57173,0,0,0,46.71389,94.84998,27.32684,11.22653,0,0,0,40.70421,70.73191,0,33.46557,0,0,0,0,0,40.70421,7.52866,0,0,0,0,0,0,0,15.4601,3.51146,0
TP9L19,72.02831367,150.92855,16.97237,16.97237,270.48134,300.85015,0,0,0,0,5.42959,3.13486,224.78921,0,0,158.12432,387.79952,270.48134,4.7719,0,8.00344,0,56.09068,214.019255,78.9354,31.43209,0,0,0,116.72963,41.964154,0,75.8162,0,0,0,11.71598,0,116.72963,4.15167,0,0,0,0,22.75407,0,8.75937,6.39409,3.87277,0
TP9L11,87.49127878,99.9129,8.67334,8.67334,150.36146,213.8317,0,0,0,0,21.50744,0,203.65272,3.3506,0,218.87573,269.72736,150.36146,6.69021,0,0,0.933197,56.718463,222.794835,150.4694,31.610631,8.76727,22.30869,0,68.19574,67.878104,0,49.8186,0,0,0,17.97059,0,59.28001,14.8011,0,0,0,13.22912,7.536933,0,12.6799,9.71758,2.76137,0
TP9L2,52.06658567,26.9606,0.428732,0.428732,14.664645,27.303166,0,0,0,1.78026,0,0,19.532509,0,0,10.584378,15.974012,14.664645,0,0,0,0,2.165997,5.21672,6.904173,4.169211,0,0,0,0.235128,3.383948,0,0.235128,0,0,0,1.05015,0,0.235128,0.656652,0,0,0,0,0,0,2.737089,0.842773,0.30627,0
TP10L19,71.94745601,118.77431,2403.27831,2403.27831,184.06497,172.867487,0,0,6.25295,22.2495,6.24519,0,157.284796,5.22775,0,205.65427,278.653959,184.06497,8.5431,0,0,0,82.758977,225.92399,85.49679,62.063216,0,21.36725,0,65.66507,51.297015,0,28.05424,0,6.00986,0,15.01235,0,48.4594,19.1492,0,0,0,4.00376,14.49455,0,16.318285,3.01017,3.82774,6.34836
TP10L11,86.01161216,162.09351,59.996328,59.996328,95.89337,260.36646,2.87507,0,0,2.11715,18.0963,0,270.03463,0,0,235.33079,174.37879,95.89337,20.90379,0,7.78977,0,114.864784,396.03698,120.08994,121.71948,3.87934,33.21787,1.00468,39.518189,92.279483,2.87507,21.07863,0,10.33347,0,47.88663,0,21.662889,18.2065,0,0,0,0,20.67562,0,23.104271,8.81427,4.24587,0
TP10L2,67.80114203,159.64723,36.54141,36.54141,211.7649,244.18269,0,0,0,1.87169,3.19965,0,228.09336,0,0,157.86486,303.46764,211.7649,7.79777,0,0,0,98.085012,237.61352,74.17015,52.094425,0,1.9956,0,34.936166,69.638183,0,10.73601,0,8.51004,0,28.96447,0,27.043606,20.1196,0,0,0,5.91976,23.9067,0,28.74368,2.08398,3.7536,9.3381
TP11L19,79.89964204,123.6089,1581.279729,1581.279729,122.712233,180.103,4.06727,0,18.24794,13.675841,10.08424,0,248.89553,4.98849,0,272.56243,210.749428,122.712233,20.92418,0.931244,0,8.53332,194.793238,318.705784,243.051405,84.49561,17.36121,19.07326,1.24559,63.004727,81.8686,4.06727,19.5327,0,5.662047,0,60.79654,0,39.769817,15.0482,0,0,0,9.63803,10.40758,0,12.837065,10.381044,2.632,14.29709
TP11L11,86.50096368,90.08501,2238.37797,2238.37797,143.82952,158.56163,1.61628,0,18.44109,1.1902,1.77227,2.88286,226.0668,6.63102,0,265.87077,241.578993,143.82952,2.752775,0,0,3.205264,120.624653,287.07853,172.14159,61.5215,4.89956,6.52047,0,64.65232,73.436097,1.61628,37.66329,0,14.07565,0,82.79505,0,54.61462,18.04716,0,0,0,0,7.528423,0,22.243143,3.94086,2.3869,9.33849
TP11L2,99.78523624,106.70443,1628.31476,1628.31476,255.1191,184.39103,9.56395,0,15.22901,0,3.72065,11.45747,188.74165,9.5523,0,190.6038,380.50587,255.1191,11.957052,0,0,5.263287,178.381435,258.540702,108.70392,68.30419,3.80541,3.29366,0,68.93837,59.204725,9.56395,38.04322,0,3.51779,0,31.53433,0,60.97419,7.01869,0,0,1.22727,0,14.290321,0,22.788009,12.75246,2.1824,5.76359
TP12L11,98.17866162,93.14304,2392.18169,2392.18169,44.087462,136.768365,15.240457,0,14.36389,14.509874,20.48644,17.33827,204.743145,7.840099,0,296.92657,151.009442,44.087462,20.82777,0,0,7.489161,303.260042,365.80227,171.32805,97.63136,11.162489,31.019331,2.140047,45.239004,114.489409,15.240457,23.900823,0,27.388004,0,104.821524,0,27.859684,12.48683,0,0,4.10905,6.94045,15.56367,0,41.308741,8.910414,3.65349,2.38231
TP12L19,97.78843331,65.947988,4541.823625,4541.823625,55.844195,94.179222,18.83698,0,16.90347,16.029241,10.99946,34.17042,168.686994,10.207227,0,284.992609,139.87093,55.844195,14.463518,0.734393,1.04601,32.196276,387.236384,417.06714,174.496114,113.06071,10.952948,21.49474,3.04549,70.561984,124.781558,18.83698,21.860083,0,61.481806,0,98.549462,0,56.844618,12.26025,0,0,0.539066,6.945115,26.820564,0,39.037913,13.549734,1.9172,5.736845
TP13L19,97.04204252,61.97513,1758.538475,1758.538475,42.56729,106.970535,7.12536,0,21.41234,34.853681,23.00002,73.74206,202.439845,13.92951,0,287.181477,168.702399,42.56729,31.778356,3.39812,0,29.33933,567.797382,399.10004,167.90539,136.270388,15.692587,15.33139,1.43595,92.319523,122.755943,7.12536,112.252531,2.44313,255.070995,0,90.16035,0,66.397803,23.30274,0,0,2.27506,7.419353,27.642677,0,23.811392,6.56979,0,19.04554
TP13L2,96.53661856,66.05007,813.810507,813.810507,50.04763,99.734641,24.675,0,28.38833,53.3717,53.53125,94.351352,212.121941,19.50791,0,366.03018,186.173516,50.04763,49.262205,1.358037,8.2461,29.00634,697.877223,461.81284,153.53316,129.95893,18.657693,21.73025,1.73454,128.832085,266.826039,24.675,115.948623,0,172.351431,0,120.592431,0,95.758835,13.9714,0,0,1.17777,14.14643,17.423832,0,33.732197,8.951933,2.09439,12.511013
TP13L11,97.92907567,61.629985,1610.669042,1610.669042,34.47448,106.657283,3.723241,0,44.65992,32.80838,6.93866,46.63694,267.151542,9.538909,0,296.458966,148.558879,34.47448,42.177671,0,0,16.24561,354.198792,459.717974,140.916617,135.520839,16.325022,11.08251,0.722292,81.939288,89.972329,3.723241,94.40223,0,111.756264,0,99.511024,1.94878,59.975848,11.5491,0,0,3.4331,3.57406,16.047824,0,42.748619,8.085637,0.508747,14.22779
TP14L11,98.36787428,65.266753,1423.308021,1423.308021,31.980882,101.806653,10.79896,0,22.35372,58.25843,37.77107,118.60538,166.787968,17.56393,0,395.942758,183.300637,31.980882,44.957456,0.923432,14.12342,20.405354,737.766436,352.265402,165.39423,111.381489,20.5067,16.65782,0.842462,142.334182,214.538749,10.79896,213.96093,1.72005,432.039064,0,119.669607,1.3638,89.568452,16.542399,0,0,2.40257,12.01107,19.648791,0,29.338724,4.599721,0,21.2387
TP15L19,96.76078482,47.50677,967.966858,967.966858,25.109861,80.504445,4.72288,0,17.726316,63.4941,15.604535,45.26509,161.715273,31.59368,0,303.10289,195.280816,25.109861,39.281283,2.65187,1.75405,16.08101,442.544859,256.116853,168.91454,101.6514,10.953139,10.686905,2.18871,112.323808,100.249088,4.72288,105.982889,0,228.769898,0,109.484407,4.87684,71.839278,36.39625,0,0,0.954598,5.087448,23.76929,0,23.2522,7.43516,1.27314,6.63079
TP15L2,93.83733563,54.23281,689.387655,689.387655,0.126564,54.402832,31.817502,0,16.078556,41.590321,47.47232,35.05021,268.921338,36.635901,0,399.280342,93.83174,0.126564,34.883688,6.51235,6.490863,19.942029,532.25692,203.121093,103.815469,50.012164,19.207692,24.090189,8.99541,151.016022,123.465898,31.817502,75.462416,0.333464,201.525953,0,195.439741,1.322,136.716146,7.962976,0,0,2.48419,12.108761,21.958468,0,86.38514,13.986791,0.069024,15.22464
TP15L11,97.22995697,59.657436,1324.257861,1324.257861,11.731194,64.443176,16.584173,0,21.26408,42.894393,25.447233,101.878388,105.410595,25.210756,0,384.516984,146.951517,11.731194,37.035977,3.175648,2.19708,9.532201,323.559983,209.381887,144.175074,78.853748,12.166421,11.639766,3.79399,114.54451,98.442822,16.584173,153.780687,2.43186,347.225733,0,99.388058,4.82048,78.95426,13.178815,0,0,3.67991,3.700037,15.053981,0,26.184891,4.817279,0,17.424507
TP17L2,96.88651204,89.56452,1242.814217,1242.814217,25.041682,110.155344,11.925256,0,28.35826,100.635043,29.370014,126.20164,181.164999,25.76537,0,341.54664,194.696787,25.041682,62.470513,3.790402,2.353794,29.54679,791.909556,440.305721,169.320719,139.071656,24.5388,28.1261,6.611875,149.717491,269.845122,11.925256,198.52094,1.47944,477.32587,0,161.044427,0,118.183878,12.720829,0,1.77439,2.4109,1.929318,21.171258,0,36.918245,30.481461,0,23.74917
TP17L11,97.82235376,98.2934,2191.935611,2191.935611,28.889409,120.17125,29.3927,0,27.94575,105.57758,34.192302,239.213181,201.610212,24.861082,0,353.969959,217.370533,28.889409,75.500479,5.43738,4.52181,35.09913,990.114948,356.75142,120.370234,161.577022,31.750471,33.970886,6.23601,205.267043,298.002416,29.3927,446.355844,7.81859,835.30431,0,183.390086,3.09963,151.744757,23.03176,0,0,2.12354,13.147652,24.044124,0,33.146466,13.634344,0,45.60556
TP17L19,96.61684579,87.60635,1237.543622,1237.543622,43.753216,120.00041,19.413266,0,27.70766,78.90397,32.72668,112.71148,162.992325,19.874949,0,339.4858,245.117675,43.753216,77.4894,2.248448,0.795235,23.74798,821.649598,351.150038,192.07275,143.485336,30.124263,22.259371,2.05129,183.473196,239.967981,19.413266,175.72494,6.28215,436.34234,0,159.722613,3.32069,131.533356,37.86063,0,0,3.41248,3.566278,29.734316,0,27.159511,12.953541,1.7338,27.37707
