,Fungi_percent,ID
TP3L5,3.17767339,TP3L5
TP3L13,57.78991748,TP3L13
TP3L18,6.734275737,TP3L18
TP4L5,17.17123936,TP4L5
TP4L13,3.046402808,TP4L13
TP4L18,13.60513133,TP4L18
TP5L13,9.236646589,TP5L13
TP5L5,4.108228144,TP5L5
TP6L5,8.039666088,TP6L5
TP6L13,14.88869967,TP6L13
TP6L18,6.127630999,TP6L18
TP7L5,9.656940545,TP7L5
TP8L13,7.662200813,TP8L13
TP8L5,28.70958289,TP8L5
TP8L18,31.34535952,TP8L18
TP9L13,33.71847572,TP9L13
TP9L5,25.66297882,TP9L5
TP9L18,31.48867707,TP9L18
TP10L13,38.66610013,TP10L13
TP10L5,61.63943812,TP10L5
TP10L18,38.71848193,TP10L18
TP11L13,64.88646994,TP11L13
TP11L5,60.90381662,TP11L5
TP11L18,38.94679931,TP11L18
TP12L18,84.18990766,TP12L18
TP12L13,72.28806385,TP12L13
TP12L5,85.82854156,TP12L5
TP13L13,97.6570935,TP13L13
TP13L18,95.05036569,TP13L18
TP13L5,88.66245166,TP13L5
TP14L5,95.91836735,TP14L5
TP15L5,92.63828415,TP15L5
TP16L5,94.74758621,TP16L5
TP17L13,92.23234185,TP17L13
TP17L5,98.04283198,TP17L5
TP17L18,97.50446325,TP17L18
TP9L3,55.41911202,TP9L3
TP9L22,54.48691901,TP9L22
TP9L16,51.29515419,TP9L16
TP10L3,65.19857323,TP10L3
TP10L22,80.88256657,TP10L22
TP10L16,41.66018095,TP10L16
TP11L3,87.83995231,TP11L3
TP11L22,68.5783711,TP11L22
TP11L16,71.86785635,TP11L16
TP12L22,95.20393568,TP12L22
TP13L16,95.51783228,TP13L16
TP13L3,95.59096686,TP13L3
TP13L22,95.81501888,TP13L22
TP14L22,95.16385722,TP14L22
TP15L3,93.5331825,TP15L3
TP15L16,95.24958468,TP15L16
TP15L22,96.65193297,TP15L22
TP17L3,94.59855799,TP17L3
TP17L16,97.44375523,TP17L16
TP17L22,96.97372374,TP17L22
TP2L12,6.591235632,TP2L12
TP2L20,11.67315175,TP2L20
TP2L1,11.71119955,TP2L1
TP3L12,6.534551977,TP3L12
TP3L20,3.928944619,TP3L20
TP3L1,12.73741983,TP3L1
TP4L12,2.333448994,TP4L12
TP4L20,13.84947905,TP4L20
TP4L1,4.522554867,TP4L1
TP5L1,3.690223435,TP5L1
TP5L12,10.02666159,TP5L12
TP5L20,16.88259109,TP5L20
TP6L12,13.30830474,TP6L12
TP6L20,15.39692172,TP6L20
TP6L1,7.717756906,TP6L1
TP7L12,18.10344828,TP7L12
TP8L20,30.76238835,TP8L20
TP8L12,22.46940148,TP8L12
TP8L1,20.61092908,TP8L1
TP9L12,63.64998777,TP9L12
TP9L20,46.94466931,TP9L20
TP9L1,47.88604879,TP9L1
TP10L20,90.44287468,TP10L20
TP10L12,89.14550335,TP10L12
TP10L1,78.8660257,TP10L1
TP11L20,93.2095607,TP11L20
TP11L12,94.62422635,TP11L12
TP11L1,99.78086194,TP11L1
TP12L20,98.75509766,TP12L20
TP12L1,95.32183403,TP12L1
TP12L12,96.85984604,TP12L12
TP13L20,98.55584209,TP13L20
TP13L1,99.13083847,TP13L1
TP13L12,96.34108163,TP13L12
TP14L12,98.40424655,TP14L12
TP15L20,97.1650109,TP15L20
TP15L12,96.23548842,TP15L12
TP16L12,96.04813549,TP16L12
TP17L1,95.21606119,TP17L1
TP17L20,98.77844868,TP17L20
TP17L12,98.47721592,TP17L12
TP3L6,4.043969342,TP3L6
TP3L14,16.07072948,TP3L14
TP3L17,6.719256797,TP3L17
TP4L6,32.29236222,TP4L6
TP4L14,9.513803972,TP4L14
TP4L17,4.799258361,TP4L17
TP5L6,10.15024422,TP5L6
TP5L14,11.15253447,TP5L14
TP5L17,10.34105815,TP5L17
TP6L6,15.71409697,TP6L6
TP6L14,6.215437339,TP6L14
TP6L17,2.981191624,TP6L17
TP7L6,7.352477122,TP7L6
TP8L14,31.28335358,TP8L14
TP8L6,13.94525656,TP8L6
TP8L17,14.44266315,TP8L17
TP9L14,37.16015602,TP9L14
TP9L6,10.92130518,TP9L6
TP9L17,26.32844761,TP9L17
TP10L14,46.70169294,TP10L14
TP10L6,39.51850868,TP10L6
TP10L17,32.64640748,TP10L17
TP11L14,38.84054178,TP11L14
TP11L6,48.19885684,TP11L6
TP11L17,43.8568298,TP11L17
TP12L6,82.15695782,TP12L6
TP12L14,82.90450769,TP12L14
TP12L17,72.02461065,TP12L17
TP13L14,97.35356693,TP13L14
TP13L17,92.61073421,TP13L17
TP13L6,89.01295692,TP13L6
TP14L6,91.17588776,TP14L6
TP15L6,82.95599675,TP15L6
TP15L14,94.87036001,TP15L14
TP15L17,95.29409662,TP15L17
TP16L6,87.12488298,TP16L6
TP17L6,87.60532342,TP17L6
TP17L14,98.07654588,TP17L14
TP17L17,98.03271282,TP17L17
TP9L4,46.91141261,TP9L4
TP9L21,47.34874027,TP9L21
TP9L15,76.77070713,TP9L15
TP10L4,77.11520535,TP10L4
TP10L21,77.77297536,TP10L21
TP10L15,75.99687081,TP10L15
TP11L4,72.40543547,TP11L4
TP11L21,77.98000189,TP11L21
TP11L15,82.6847579,TP11L15
TP12L21,92.83971105,TP12L21
TP13L4,94.99250948,TP13L4
TP13L15,91.77650107,TP13L15
TP13L21,95.45690201,TP13L21
TP14L21,96.96119294,TP14L21
TP15L4,92.92358348,TP15L4
TP15L15,95.01303009,TP15L15
TP15L21,91.38099714,TP15L21
TP16L21,91.20284597,TP16L21
TP17L4,92.36975565,TP17L4
TP17L15,95.461513,TP17L15
TP17L21,93.92259491,TP17L21
TP2L11,5.538361297,TP2L11
TP2L19,24.30378456,TP2L19
TP2L2,3.939040128,TP2L2
TP3L11,8.151894242,TP3L11
TP3L19,10.52430366,TP3L19
TP3L2,15.36938248,TP3L2
TP4L19,8.012766266,TP4L19
TP4L2,9.136325487,TP4L2
TP5L11,9.290540541,TP5L11
TP5L2,4.670674955,TP5L2
TP5L19,9.254487582,TP5L19
TP6L11,8.693927736,TP6L11
TP6L19,5.452347794,TP6L19
TP6L2,4.884437596,TP6L2
TP7L11,14.6478376,TP7L11
TP8L19,24.4951788,TP8L19
TP8L11,21.94583036,TP8L11
TP8L2,38.84139033,TP8L2
TP9L19,72.02831367,TP9L19
TP9L11,87.49127878,TP9L11
TP9L2,52.06658567,TP9L2
TP10L19,71.94745601,TP10L19
TP10L11,86.01161216,TP10L11
TP10L2,67.80114203,TP10L2
TP11L19,79.89964204,TP11L19
TP11L11,86.50096368,TP11L11
TP11L2,99.78523624,TP11L2
TP12L11,98.17866162,TP12L11
TP12L19,97.78843331,TP12L19
TP13L19,97.04204252,TP13L19
TP13L2,96.53661856,TP13L2
TP13L11,97.92907567,TP13L11
TP14L11,98.36787428,TP14L11
TP15L19,96.76078482,TP15L19
TP15L2,93.83733563,TP15L2
TP15L11,97.22995697,TP15L11
TP17L2,96.88651204,TP17L2
TP17L11,97.82235376,TP17L11
TP17L19,96.61684579,TP17L19
