ID,observed_KO,Shannon_KO,Simpson_KO
TP10L1,26783,10.8917,0.9914
TP10L11,35197,12.4924,0.9973
TP10L12,41318,12.7842,0.9986
TP10L13,17155,10.1984,0.9932
TP10L14,14463,10.6177,0.9952
TP10L15,32434,11.9835,0.996
TP10L16,28328,10.4181,0.968
TP10L17,12050,10.583,0.9951
TP10L18,15466,8.4206,0.9741
TP10L19,38454,11.8162,0.9966
TP10L2,26731,11.3727,0.9936
TP10L20,55401,12.8647,0.9987
TP10L21,32751,12.4182,0.9979
TP10L22,29745,12.1738,0.9981
TP10L3,28508,11.7287,0.9963
TP10L4,32017,11.6952,0.9962
TP10L5,18515,10.1094,0.9921
TP10L6,18068,10.2899,0.9915
TP10R1,56956,12.4006,0.9944
TP10R11,66539,13.2088,0.9982
TP10R12,60745,12.33,0.9949
TP10R13,47751,11.9366,0.9935
TP10R14,66193,13.4999,0.999
TP10R15,67124,13.3495,0.9984
TP10R17,52506,13.0327,0.999
TP10R18,39814,11.5859,0.9939
TP10R19,43432,12.2675,0.9972
TP10R2,50477,12.4924,0.9972
TP10R20,64384,12.482,0.9959
TP10R21,57518,12.8831,0.998
TP10R22,73163,12.969,0.9969
TP10R3,57252,12.3176,0.9954
TP10R4,70692,13.6154,0.9988
TP10R5,49645,12.011,0.9939
TP10R6,49221,13.1661,0.9991
TP11L1,58330,12.7237,0.9968
TP11L11,45697,12.3989,0.9972
TP11L12,64658,13.2663,0.9988
TP11L13,22777,11.0861,0.9966
TP11L14,16173,10.9802,0.9967
TP11L15,48345,12.1909,0.9952
TP11L16,55524,13.3663,0.9971
TP11L17,17862,11.1552,0.9971
TP11L18,17299,10.7574,0.996
TP11L19,54406,12.8824,0.9982
TP11L2,43871,11.844,0.9943
TP11L20,71504,13.2633,0.9988
TP11L21,56003,12.9752,0.9985
TP11L22,63465,12.9778,0.9983
TP11L3,50686,13.0598,0.9991
TP11L4,59840,13.4807,0.9991
TP11L5,26139,10.8677,0.9935
TP11L6,16605,9.4315,0.9837
TP11R1,56184,12.4112,0.9952
TP11R11,86432,14.1247,0.9995
TP11R12,70787,12.9373,0.9963
TP11R13,62356,12.8456,0.9976
TP11R14,72911,13.7662,0.9994
TP11R15,63761,13.6635,0.9991
TP11R16,78587,13.3538,0.9982
TP11R17,70272,13.6201,0.9993
TP11R18,73318,13.2675,0.9983
TP11R19,66777,13.3024,0.9987
TP11R2,73881,13.0745,0.9985
TP11R20,77054,13.1893,0.9971
TP11R21,43234,12.4129,0.9981
TP11R22,87807,14.1616,0.9991
TP11R3,77627,13.1522,0.9972
TP11R4,91840,14.01,0.9992
TP11R5,79869,13.3852,0.9977
TP11R6,75025,13.8628,0.9994
TP12L1,80594,13.1998,0.9957
TP12L11,67754,13.2486,0.9978
TP12L12,75914,13.6954,0.999
TP12L13,42180,12.2814,0.9975
TP12L14,30947,12.2114,0.9972
TP12L17,28336,9.721,0.9751
TP12L18,46833,10.5743,0.9774
TP12L19,71888,12.4697,0.9906
TP12L20,81179,14.1291,0.9996
TP12L21,64548,13.7991,0.9995
TP12L22,61791,13.834,0.9996
TP12L5,46768,12.3047,0.9967
TP12L6,30823,10.7555,0.9903
TP12R11,79622,13.7464,0.9987
TP12R12,80534,13.691,0.9974
TP12R13,76890,13.1171,0.9973
TP12R14,95364,13.8274,0.9983
TP12R17,104333,14.4757,0.9996
TP12R18,89054,13.6116,0.9974
TP12R19,95003,13.8591,0.9985
TP12R2,106828,14.4871,0.9993
TP12R20,94051,13.5289,0.9972
TP12R21,76792,13.4371,0.9985
TP12R22,102281,13.945,0.9992
TP12R5,89456,13.7132,0.9979
TP12R6,91304,14.3988,0.9994
TP13L1,70742,13.9728,0.9995
TP13L11,74396,13.7427,0.9991
TP13L12,76921,13.7655,0.9991
TP13L13,56149,12.2394,0.9953
TP13L14,39071,10.1723,0.97
TP13L15,66435,13.4402,0.9986
TP13L16,89066,13.8821,0.9996
TP13L17,41595,11.3122,0.9912
TP13L18,51182,11.5553,0.9906
TP13L19,73361,13.3422,0.9982
TP13L2,78431,14.0235,0.9993
TP13L20,74451,13.1814,0.9973
TP13L21,74226,13.8397,0.9993
TP13L22,74156,13.6316,0.9992
TP13L3,80191,13.8087,0.9996
TP13L4,67362,13.8159,0.999
TP13L5,53743,13.088,0.9988
TP13L6,41725,12.8941,0.998
TP13R1,75685,13.3323,0.9966
TP13R11,75073,13.8352,0.9991
TP13R12,85454,13.7722,0.9984
TP13R13,65896,12.7441,0.9961
TP13R14,81689,13.9081,0.999
TP13R15,85997,13.8879,0.9997
TP13R16,99833,13.5613,0.9995
TP13R17,80866,14.2143,0.9995
TP13R18,54541,12.5988,0.9955
TP13R19,76655,13.9219,0.9991
TP13R2,65811,13.6241,0.9985
TP13R20,82338,13.463,0.9979
TP13R21,77465,13.9506,0.9995
TP13R22,89439,14.0142,0.9997
TP13R3,64669,13.3096,0.9975
TP13R4,51940,13.7082,0.9991
TP13R5,69081,12.7268,0.9962
TP13R6,83473,13.5199,0.9987
TP14L11,85024,14.2737,0.9997
TP14L12,87411,14.3371,0.9998
TP14L21,78533,14.0601,0.9995
TP14L22,87940,14.1718,0.9997
TP14L5,60256,13.3768,0.9989
TP14L6,44657,13.041,0.9983
TP14R11,78063,13.789,0.9984
TP14R12,83317,13.5879,0.998
TP14R21,76998,13.692,0.9986
TP14R22,92580,14.0804,0.9996
TP14R5,68494,12.5416,0.9958
TP14R6,77676,13.9927,0.9989
TP15L11,85948,13.5613,0.9981
TP15L12,82501,14.0603,0.9997
TP15L14,65389,7.1512,0.6935
TP15L15,80337,14.0608,0.9996
TP15L16,80638,13.5577,0.9992
TP15L17,52328,13.0894,0.9979
TP15L19,79586,13.8481,0.9992
TP15L2,93064,14.14,0.9998
TP15L20,77364,13.6903,0.9993
TP15L21,83583,14.2351,0.9996
TP15L22,90191,14.3509,0.9998
TP15L3,85127,13.6071,0.9992
TP15L4,79166,14.1545,0.9994
TP15L5,66333,13.8047,0.9994
TP15L6,79585,12.7255,0.9953
TP15R1,86880,13.2795,0.9966
TP15R11,84959,13.7088,0.9986
TP15R12,91721,13.6981,0.997
TP15R13,87019,12.7858,0.9908
TP15R14,112431,14.7306,0.9996
TP15R15,103495,13.1527,0.9993
TP15R16,87291,13.5569,0.9986
TP15R17,88663,14.1909,0.9991
TP15R19,66021,13.6667,0.9986
TP15R20,79273,13.4745,0.9984
TP15R22,96715,13.6894,0.9995
TP15R3,110362,13.7,0.9994
TP15R4,84295,14.1006,0.9995
TP15R5,96180,13.5972,0.9975
TP16L12,86001,13.6027,0.999
TP16L21,86227,14.2316,0.9997
TP16L5,71560,13.2104,0.9981
TP16L6,49636,13.5691,0.9994
TP16R12,96617,14.0525,0.9989
TP16R21,68118,12.9198,0.9973
TP16R22,90329,13.1761,0.9989
TP16R5,87592,13.3523,0.9972
TP16R6,101635,13.8563,0.9977
TP17L1,89577,14.3487,0.9997
TP17L11,89989,14.3369,0.9997
TP17L12,94443,14.2795,0.9997
TP17L13,72856,13.5232,0.9988
TP17L14,78734,13.8867,0.9993
TP17L15,88250,13.9477,0.9996
TP17L16,84476,14.0195,0.9997
TP17L17,78474,14.1821,0.9997
TP17L18,83385,14.1588,0.9997
TP17L19,78940,14.1122,0.9997
TP17L2,88592,14.3923,0.9997
TP17L20,80963,14.0357,0.9996
TP17L21,74392,14.0714,0.9996
TP17L22,89533,14.1454,0.9997
TP17L3,93203,13.6274,0.9962
TP17L4,81861,14.1831,0.9997
TP17L5,74557,13.967,0.9995
TP17L6,76163,14.019,0.9993
TP17R1,65909,12.8327,0.9972
TP17R11,62919,13.3015,0.9986
TP17R12,70890,13.2589,0.9962
TP17R13,83166,13.6057,0.9966
TP17R14,86672,14.3504,0.9993
TP17R15,77852,13.9117,0.9996
TP17R16,77631,13.4503,0.9987
TP17R17,79476,13.6609,0.9985
TP17R18,79018,13.1418,0.9964
TP17R19,59099,13.1828,0.9984
TP17R2,79271,14.029,0.9991
TP17R20,64456,13.0724,0.9964
TP17R21,67530,13.5176,0.9995
TP17R22,95149,14.0688,0.9995
TP17R3,74278,13.1787,0.9979
TP17R4,47155,12.478,0.9978
TP17R5,80675,13.3528,0.9968
TP17R6,76103,13.4093,0.9984
TP2L1,10266,8.9877,0.9875
TP2L11,11259,9.7209,0.9891
TP2L12,10214,9.3423,0.9876
TP2L19,11285,9.9683,0.9925
TP2L2,11117,9.5213,0.9892
TP2L20,9278,7.9408,0.9757
TP2R1,15358,10.7359,0.9935
TP2R11,16219,10.7379,0.9948
TP2R12,18484,9.4233,0.9855
TP2R19,16743,11.2319,0.9975
TP2R2,14875,10.928,0.9965
TP2R20,15595,10.7051,0.9937
TP3L1,10948,9.8007,0.9929
TP3L11,11173,10.2455,0.9931
TP3L12,11029,10.3326,0.9949
TP3L13,12031,10.4791,0.9957
TP3L14,11160,10.2516,0.994
TP3L17,11398,10.8369,0.9967
TP3L18,11517,10.6989,0.9966
TP3L19,11041,10.3192,0.9943
TP3L2,12017,8.1516,0.8914
TP3L20,10482,9.763,0.9926
TP3L5,11226,10.2062,0.9919
TP3L6,11482,10.5928,0.995
TP3R1,18173,10.4708,0.9918
TP3R11,18379,11.0883,0.9963
TP3R12,21700,10.6117,0.9927
TP3R13,22453,11.1735,0.9938
TP3R14,21433,11.5766,0.998
TP3R17,16606,11.0925,0.9967
TP3R18,16957,10.2465,0.9908
TP3R19,24915,11.3379,0.9969
TP3R2,19020,11.442,0.9975
TP3R20,23311,10.9211,0.9942
TP3R5,21217,10.9007,0.994
TP3R6,24510,10.9932,0.9952
TP4L1,10695,10.4294,0.9942
TP4L12,11110,9.6913,0.9906
TP4L13,11562,10.6418,0.9961
TP4L14,11791,10.9582,0.9968
TP4L17,11838,10.1046,0.9917
TP4L18,11781,10.1705,0.9935
TP4L19,11810,10.2832,0.994
TP4L2,11068,10.8954,0.9958
TP4L20,11544,9.6405,0.9887
TP4L5,10460,9.4828,0.9838
TP4L6,12416,9.638,0.9838
TP4R1,28229,10.7655,0.993
TP4R11,34750,12.0509,0.9977
TP4R12,53132,12.6651,0.9973
TP4R13,18702,10.2972,0.9913
TP4R14,19451,10.9677,0.9961
TP4R17,17815,11.6718,0.9983
TP4R18,18970,10.6225,0.992
TP4R19,28753,11.7095,0.9978
TP4R2,31118,11.5148,0.9965
TP4R20,38808,11.7518,0.9944
TP4R5,15567,10.1476,0.9903
TP4R6,22256,11.0664,0.9955
TP5L1,12284,10.2467,0.9934
TP5L11,11589,10.2614,0.9914
TP5L12,15172,10.8344,0.9924
TP5L13,12113,10.4465,0.9954
TP5L14,11565,9.4152,0.9777
TP5L17,11311,10.4513,0.9935
TP5L19,12001,10.841,0.9961
TP5L2,11568,10.2815,0.9881
TP5L20,12142,10.6526,0.9957
TP5L5,10872,9.0223,0.975
TP5L6,11525,10.2394,0.9906
TP5R1,42714,11.5532,0.9942
TP5R11,47192,12.2267,0.9968
TP5R12,40345,12.0704,0.9962
TP5R13,26219,10.8302,0.9905
TP5R14,24394,11.8429,0.9977
TP5R17,22757,11.8791,0.9983
TP5R18,24235,10.4631,0.9895
TP5R19,42922,12.5976,0.9991
TP5R2,63462,12.6035,0.9956
TP5R20,64504,13.3544,0.999
TP5R5,23195,10.8602,0.9904
TP5R6,18512,11.3406,0.9971
TP6L1,10587,10.0085,0.9935
TP6L11,12241,10.134,0.9927
TP6L12,11691,9.9202,0.9932
TP6L13,12062,10.46,0.9952
TP6L14,12149,10.4042,0.9938
TP6L17,12193,10.8188,0.9947
TP6L18,12237,10.7659,0.9963
TP6L19,11473,10.1444,0.9908
TP6L2,11542,10.2441,0.9936
TP6L20,11859,9.8589,0.9933
TP6L5,11774,10.4294,0.9947
TP6L6,11729,10.1257,0.9921
TP6R1,47691,12.1935,0.9953
TP6R11,53957,12.9787,0.9986
TP6R12,62315,12.9298,0.9974
TP6R13,21073,10.7228,0.9903
TP6R14,21395,11.5256,0.997
TP6R17,24349,11.4856,0.9967
TP6R18,27712,10.7913,0.9914
TP6R19,53759,12.8028,0.998
TP6R2,63152,13.5271,0.9991
TP6R20,75205,13.1662,0.9976
TP6R5,20509,10.3502,0.9896
TP6R6,24583,11.8799,0.9976
TP7L11,13181,10.8426,0.9955
TP7L12,13754,10.8759,0.9966
TP7L5,11895,10.0552,0.9915
TP7L6,13161,10.8158,0.9946
TP7R11,58092,13.0466,0.9985
TP7R12,64449,12.7731,0.9971
TP7R5,24978,10.845,0.9902
TP7R6,21566,11.5773,0.9968
TP8L1,13364,10.2702,0.9946
TP8L11,15549,10.1424,0.9927
TP8L12,15075,10.0323,0.9931
TP8L13,15779,10.6324,0.9957
TP8L14,16095,11.0759,0.9965
TP8L17,13286,10.2349,0.9742
TP8L18,14314,9.7451,0.9731
TP8L19,17436,10.6455,0.9947
TP8L2,15536,10.6646,0.9931
TP8L20,12546,9.7061,0.9925
TP8L5,14790,10.1041,0.9932
TP8L6,16417,10.697,0.9949
TP8R1,69037,13.0169,0.9977
TP8R11,58239,13.6662,0.9994
TP8R12,65199,13.0659,0.9977
TP8R13,26979,10.5056,0.9913
TP8R17,20861,11.004,0.9955
TP8R18,23046,10.5245,0.9912
TP8R19,64059,13.5168,0.9993
TP8R2,71599,13.2855,0.9984
TP8R20,72751,13.3178,0.9982
TP8R5,28208,10.5718,0.9896
TP8R6,24903,11.4538,0.9969
TP9L1,20608,10.2499,0.9803
TP9L11,37578,12.2886,0.9972
TP9L12,29513,11.6257,0.9971
TP9L13,15245,9.7556,0.9911
TP9L14,12243,10.0211,0.9937
TP9L15,28091,11.3236,0.9925
TP9L16,17375,9.7288,0.9867
TP9L17,17587,9.2042,0.9798
TP9L18,13783,8.7014,0.9745
TP9L19,25180,11.5463,0.9965
TP9L2,12935,0.9884,0.119
TP9L20,28074,11.4789,0.9971
TP9L21,26819,11.0813,0.9946
TP9L22,26590,10.3804,0.99
TP9L3,23030,9.6532,0.9835
TP9L4,24361,10.8661,0.9923
TP9L5,12601,10.116,0.9949
TP9L6,12702,10.6412,0.9943
TP9R1,74938,13.1871,0.9974
TP9R11,57322,12.9604,0.9981
TP9R12,69180,13.1054,0.9974
TP9R13,41268,11.4742,0.9933
TP9R14,33517,11.9751,0.9978
TP9R15,72940,13.1664,0.9968
TP9R16,68773,13.3191,0.9977
TP9R17,29701,11.9699,0.9981
TP9R18,30817,11.1383,0.9916
TP9R19,61202,12.9779,0.9982
TP9R2,43500,12.4457,0.9967
TP9R20,82736,13.5058,0.9986
TP9R21,57970,13.0042,0.9984
TP9R22,73350,13.2327,0.9977
TP9R3,79593,13.5259,0.9989
TP9R4,65914,13.5573,0.9991
TP9R5,43634,11.7983,0.9952
TP9R6,39959,12.0312,0.9973
