ID_Trans,ID1,ID2,ID3,ID_cross,ID_OTU,Cultivar,Habitat,Timepiont,Treatment1,plot
SRR8742917_quant,SRR8742917,SRX5534989,A0615163L12,RTX430_Leaf_TP02_Control_12,TP2L12,RTX430,Leaf,TP02,Control,12
SRR8742918_quant,SRR8742918,SRX5534990,A0615163L20,RTX430_Leaf_TP02_Control_20,TP2L20,RTX430,Leaf,TP02,Control,20
SRR8742919_quant,SRR8742919,SRX5534991,A0615163L01,RTX430_Leaf_TP02_Control_1,TP2L1,RTX430,Leaf,TP02,Control,1
SRR8743018_quant,SRR8743018,SRX5535090,A0615163L11,BTX642_Leaf_TP02_Control_11,TP2L11,BTX642,Leaf,TP02,Control,11
SRR8743019_quant,SRR8743019,SRX5535091,A0615163L19,BTX642_Leaf_TP02_Control_19,TP2L19,BTX642,Leaf,TP02,Control,19
SRR8743020_quant,SRR8743020,SRX5535092,A0615163L02,BTX642_Leaf_TP02_Control_2,TP2L2,BTX642,Leaf,TP02,Control,2
SRR8743117_unmaped__quant,SRR8743117,SRX5535189,A0615163R12,RTX430_Root_TP02_Control_12,TP2R12,RTX430,Root,TP02,Control,12
SRR8743118_unmaped__quant,SRR8743118,SRX5535190,A0615163R20,RTX430_Root_TP02_Control_20,TP2R20,RTX430,Root,TP02,Control,20
SRR8743119_unmaped__quant,SRR8743119,SRX5535191,A0615163R01,RTX430_Root_TP02_Control_1,TP2R1,RTX430,Root,TP02,Control,1
SRR8743216_unmaped__quant,SRR8743216,SRX5535288,A0615163R11,BTX642_Root_TP02_Control_11,TP2R11,BTX642,Root,TP02,Control,11
SRR8743217_unmaped__quant,SRR8743217,SRX5535289,A0615163R19,BTX642_Root_TP02_Control_19,TP2R19,BTX642,Root,TP02,Control,19
SRR8743218_unmaped__quant,SRR8743218,SRX5535290,A0615163R02,BTX642_Root_TP02_Control_2,TP2R2,BTX642,Root,TP02,Control,2
SRR8742861_quant,SRR8742861,SRX5534933,A0622162L05,RTX430_Leaf_TP03_Pre_flowering_drought_5,TP3L5,RTX430,Leaf,TP03,Pre_flowering_drought,5
SRR8742862_quant,SRR8742862,SRX5534934,A0622162L13,RTX430_Leaf_TP03_Pre_flowering_drought_13,TP3L13,RTX430,Leaf,TP03,Pre_flowering_drought,13
SRR8742863_quant,SRR8742863,SRX5534935,A0622162L18,RTX430_Leaf_TP03_Pre_flowering_drought_18,TP3L18,RTX430,Leaf,TP03,Pre_flowering_drought,18
SRR8742920_quant,SRR8742920,SRX5534992,A0622162L12,RTX430_Leaf_TP03_Control_12,TP3L12,RTX430,Leaf,TP03,Control,12
SRR8742921_quant,SRR8742921,SRX5534993,A0622162L20,RTX430_Leaf_TP03_Control_20,TP3L20,RTX430,Leaf,TP03,Control,20
SRR8742922_quant,SRR8742922,SRX5534994,A0622162L01,RTX430_Leaf_TP03_Control_1,TP3L1,RTX430,Leaf,TP03,Control,1
SRR8742958_quant,SRR8742958,SRX5535030,A0622162L06,BTX642_Leaf_TP03_Pre_flowering_drought_6,TP3L6,BTX642,Leaf,TP03,Pre_flowering_drought,6
SRR8742959_quant,SRR8742959,SRX5535031,A0622162L14,BTX642_Leaf_TP03_Pre_flowering_drought_14,TP3L14,BTX642,Leaf,TP03,Pre_flowering_drought,14
SRR8742960_quant,SRR8742960,SRX5535032,A0622162L17,BTX642_Leaf_TP03_Pre_flowering_drought_17,TP3L17,BTX642,Leaf,TP03,Pre_flowering_drought,17
SRR8743021_quant,SRR8743021,SRX5535093,A0622162L11,BTX642_Leaf_TP03_Control_11,TP3L11,BTX642,Leaf,TP03,Control,11
SRR8743022_quant,SRR8743022,SRX5535094,A0622162L19,BTX642_Leaf_TP03_Control_19,TP3L19,BTX642,Leaf,TP03,Control,19
SRR8743023_quant,SRR8743023,SRX5535095,A0622162L02,BTX642_Leaf_TP03_Control_2,TP3L2,BTX642,Leaf,TP03,Control,2
SRR8743058_unmaped__quant,SRR8743058,SRX5535130,A0622162R05,RTX430_Root_TP03_Pre_flowering_drought_5,TP3R5,RTX430,Root,TP03,Pre_flowering_drought,5
SRR8743059_unmaped__quant,SRR8743059,SRX5535131,A0622162R13,RTX430_Root_TP03_Pre_flowering_drought_13,TP3R13,RTX430,Root,TP03,Pre_flowering_drought,13
SRR8743060_unmaped__quant,SRR8743060,SRX5535132,A0622162R18,RTX430_Root_TP03_Pre_flowering_drought_18,TP3R18,RTX430,Root,TP03,Pre_flowering_drought,18
SRR8743120_unmaped__quant,SRR8743120,SRX5535192,A0622162R12,RTX430_Root_TP03_Control_12,TP3R12,RTX430,Root,TP03,Control,12
SRR8743121_unmaped__quant,SRR8743121,SRX5535193,A0622162R20,RTX430_Root_TP03_Control_20,TP3R20,RTX430,Root,TP03,Control,20
SRR8743122_unmaped__quant,SRR8743122,SRX5535194,A0622162R01,RTX430_Root_TP03_Control_1,TP3R1,RTX430,Root,TP03,Control,1
SRR8743158_unmaped__quant,SRR8743158,SRX5535230,A0622162R06,BTX642_Root_TP03_Pre_flowering_drought_6,TP3R6,BTX642,Root,TP03,Pre_flowering_drought,6
SRR8743159_unmaped__quant,SRR8743159,SRX5535231,A0622162R14,BTX642_Root_TP03_Pre_flowering_drought_14,TP3R14,BTX642,Root,TP03,Pre_flowering_drought,14
SRR8743160_unmaped__quant,SRR8743160,SRX5535232,A0622162R17,BTX642_Root_TP03_Pre_flowering_drought_17,TP3R17,BTX642,Root,TP03,Pre_flowering_drought,17
SRR8743219_unmaped__quant,SRR8743219,SRX5535291,A0622162R11,BTX642_Root_TP03_Control_11,TP3R11,BTX642,Root,TP03,Control,11
SRR8743220_unmaped__quant,SRR8743220,SRX5535292,A0622162R19,BTX642_Root_TP03_Control_19,TP3R19,BTX642,Root,TP03,Control,19
SRR8743221_unmaped__quant,SRR8743221,SRX5535293,A0622162R02,BTX642_Root_TP03_Control_2,TP3R2,BTX642,Root,TP03,Control,2
SRR8742864_quant,SRR8742864,SRX5534936,A0629164L05,RTX430_Leaf_TP04_Pre_flowering_drought_5,TP4L5,RTX430,Leaf,TP04,Pre_flowering_drought,5
SRR8742865_quant,SRR8742865,SRX5534937,A0629164L13,RTX430_Leaf_TP04_Pre_flowering_drought_13,TP4L13,RTX430,Leaf,TP04,Pre_flowering_drought,13
SRR8742866_quant,SRR8742866,SRX5534938,A0629164L18,RTX430_Leaf_TP04_Pre_flowering_drought_18,TP4L18,RTX430,Leaf,TP04,Pre_flowering_drought,18
SRR8742923_quant,SRR8742923,SRX5534995,A0629164L12,RTX430_Leaf_TP04_Control_12,TP4L12,RTX430,Leaf,TP04,Control,12
SRR8742924_quant,SRR8742924,SRX5534996,A0629164L20,RTX430_Leaf_TP04_Control_20,TP4L20,RTX430,Leaf,TP04,Control,20
SRR8742925_quant,SRR8742925,SRX5534997,A0629164L01,RTX430_Leaf_TP04_Control_1,TP4L1,RTX430,Leaf,TP04,Control,1
SRR8742961_quant,SRR8742961,SRX5535033,A0629164L06,BTX642_Leaf_TP04_Pre_flowering_drought_6,TP4L6,BTX642,Leaf,TP04,Pre_flowering_drought,6
SRR8742962_quant,SRR8742962,SRX5535034,A0629164L14,BTX642_Leaf_TP04_Pre_flowering_drought_14,TP4L14,BTX642,Leaf,TP04,Pre_flowering_drought,14
SRR8742963_quant,SRR8742963,SRX5535035,A0629164L17,BTX642_Leaf_TP04_Pre_flowering_drought_17,TP4L17,BTX642,Leaf,TP04,Pre_flowering_drought,17
SRR8743024_quant,SRR8743024,SRX5535096,A0629164L19,BTX642_Leaf_TP04_Control_19,TP4L19,BTX642,Leaf,TP04,Control,19
SRR8743025_quant,SRR8743025,SRX5535097,A0629164L02,BTX642_Leaf_TP04_Control_2,TP4L2,BTX642,Leaf,TP04,Control,2
SRR8743061_unmaped__quant,SRR8743061,SRX5535133,A0629164R05,RTX430_Root_TP04_Pre_flowering_drought_5,TP4R5,RTX430,Root,TP04,Pre_flowering_drought,5
SRR8743062_unmaped__quant,SRR8743062,SRX5535134,A0629164R13,RTX430_Root_TP04_Pre_flowering_drought_13,TP4R13,RTX430,Root,TP04,Pre_flowering_drought,13
SRR8743063_unmaped__quant,SRR8743063,SRX5535135,A0629164R18,RTX430_Root_TP04_Pre_flowering_drought_18,TP4R18,RTX430,Root,TP04,Pre_flowering_drought,18
SRR8743123_unmaped__quant,SRR8743123,SRX5535195,A0629164R12,RTX430_Root_TP04_Control_12,TP4R12,RTX430,Root,TP04,Control,12
SRR8743124_unmaped__quant,SRR8743124,SRX5535196,A0629164R20,RTX430_Root_TP04_Control_20,TP4R20,RTX430,Root,TP04,Control,20
SRR8743125_unmaped__quant,SRR8743125,SRX5535197,A0629164R01,RTX430_Root_TP04_Control_1,TP4R1,RTX430,Root,TP04,Control,1
SRR8743161_unmaped__quant,SRR8743161,SRX5535233,A0629164R06,BTX642_Root_TP04_Pre_flowering_drought_6,TP4R6,BTX642,Root,TP04,Pre_flowering_drought,6
SRR8743162_unmaped__quant,SRR8743162,SRX5535234,A0629164R14,BTX642_Root_TP04_Pre_flowering_drought_14,TP4R14,BTX642,Root,TP04,Pre_flowering_drought,14
SRR8743163_unmaped__quant,SRR8743163,SRX5535235,A0629164R17,BTX642_Root_TP04_Pre_flowering_drought_17,TP4R17,BTX642,Root,TP04,Pre_flowering_drought,17
SRR8743222_unmaped__quant,SRR8743222,SRX5535294,A0629164R11,BTX642_Root_TP04_Control_11,TP4R11,BTX642,Root,TP04,Control,11
SRR8743223_unmaped__quant,SRR8743223,SRX5535295,A0629164R19,BTX642_Root_TP04_Control_19,TP4R19,BTX642,Root,TP04,Control,19
SRR8743224_unmaped__quant,SRR8743224,SRX5535296,A0629164R02,BTX642_Root_TP04_Control_2,TP4R2,BTX642,Root,TP04,Control,2
SRR8742867_quant,SRR8742867,SRX5534939,A0706165L13,RTX430_Leaf_TP05_Pre_flowering_drought_13,TP5L13,RTX430,Leaf,TP05,Pre_flowering_drought,13
SRR8742868_quant,SRR8742868,SRX5534940,A0706165L05,RTX430_Leaf_TP05_Pre_flowering_drought_5,TP5L5,RTX430,Leaf,TP05,Pre_flowering_drought,5
SRR8742926_quant,SRR8742926,SRX5534998,A0706165L01,RTX430_Leaf_TP05_Control_1,TP5L1,RTX430,Leaf,TP05,Control,1
SRR8742928_quant,SRR8742928,SRX5535000,A0706165L20,RTX430_Leaf_TP05_Control_20,TP5L20,RTX430,Leaf,TP05,Control,20
SRR8742964_quant,SRR8742964,SRX5535036,A0706165L06,BTX642_Leaf_TP05_Pre_flowering_drought_6,TP5L6,BTX642,Leaf,TP05,Pre_flowering_drought,6
SRR8742965_quant,SRR8742965,SRX5535037,A0706165L14,BTX642_Leaf_TP05_Pre_flowering_drought_14,TP5L14,BTX642,Leaf,TP05,Pre_flowering_drought,14
SRR8742966_quant,SRR8742966,SRX5535038,A0706165L17,BTX642_Leaf_TP05_Pre_flowering_drought_17,TP5L17,BTX642,Leaf,TP05,Pre_flowering_drought,17
SRR8743026_quant,SRR8743026,SRX5535098,A0706165L11,BTX642_Leaf_TP05_Control_11,TP5L11,BTX642,Leaf,TP05,Control,11
SRR8743027_quant,SRR8743027,SRX5535099,A0706165L02,BTX642_Leaf_TP05_Control_2,TP5L2,BTX642,Leaf,TP05,Control,2
SRR8743028_quant,SRR8743028,SRX5535100,A0706165L19,BTX642_Leaf_TP05_Control_19,TP5L19,BTX642,Leaf,TP05,Control,19
SRR8743064_unmaped__quant,SRR8743064,SRX5535136,A0706165R13,RTX430_Root_TP05_Pre_flowering_drought_13,TP5R13,RTX430,Root,TP05,Pre_flowering_drought,13
SRR8743065_unmaped__quant,SRR8743065,SRX5535137,A0706165R18,RTX430_Root_TP05_Pre_flowering_drought_18,TP5R18,RTX430,Root,TP05,Pre_flowering_drought,18
SRR8743066_unmaped__quant,SRR8743066,SRX5535138,A0706165R05,RTX430_Root_TP05_Pre_flowering_drought_5,TP5R5,RTX430,Root,TP05,Pre_flowering_drought,5
SRR8743126_unmaped__quant,SRR8743126,SRX5535198,A0706165R01,RTX430_Root_TP05_Control_1,TP5R1,RTX430,Root,TP05,Control,1
SRR8743128_unmaped__quant,SRR8743128,SRX5535200,A0706165R12,RTX430_Root_TP05_Control_12,TP5R12,RTX430,Root,TP05,Control,12
SRR8743164_unmaped__quant,SRR8743164,SRX5535236,A0706165R06,BTX642_Root_TP05_Pre_flowering_drought_6,TP5R6,BTX642,Root,TP05,Pre_flowering_drought,6
SRR8743165_unmaped__quant,SRR8743165,SRX5535237,A0706165R14,BTX642_Root_TP05_Pre_flowering_drought_14,TP5R14,BTX642,Root,TP05,Pre_flowering_drought,14
SRR8743166_unmaped__quant,SRR8743166,SRX5535238,A0706165R17,BTX642_Root_TP05_Pre_flowering_drought_17,TP5R17,BTX642,Root,TP05,Pre_flowering_drought,17
SRR8743225_unmaped__quant,SRR8743225,SRX5535297,A0706165R11,BTX642_Root_TP05_Control_11,TP5R11,BTX642,Root,TP05,Control,11
SRR8743226_unmaped__quant,SRR8743226,SRX5535298,A0706165R02,BTX642_Root_TP05_Control_2,TP5R2,BTX642,Root,TP05,Control,2
SRR8743227_unmaped__quant,SRR8743227,SRX5535299,A0706165R19,BTX642_Root_TP05_Control_19,TP5R19,BTX642,Root,TP05,Control,19
SRR8742927_quant,SRR8742927,SRX5534999,A0706165L12,RTX430_Leaf_TP05_Control_12,TP5L12,RTX430,Leaf,TP05,Control,12
SRR8743127_quant,SRR8743127,SRX5535199,A0706165R20,RTX430_Root_TP05_Control_20,TP5R20,RTX430,Root,TP05,Control,20
SRR8742869_quant,SRR8742869,SRX5534941,A0713166L05,RTX430_Leaf_TP06_Pre_flowering_drought_5,TP6L5,RTX430,Leaf,TP06,Pre_flowering_drought,5
SRR8742870_quant,SRR8742870,SRX5534942,A0713166L13,RTX430_Leaf_TP06_Pre_flowering_drought_13,TP6L13,RTX430,Leaf,TP06,Pre_flowering_drought,13
SRR8742871_quant,SRR8742871,SRX5534943,A0713166L18,RTX430_Leaf_TP06_Pre_flowering_drought_18,TP6L18,RTX430,Leaf,TP06,Pre_flowering_drought,18
SRR8742929_quant,SRR8742929,SRX5535001,A0713166L12,RTX430_Leaf_TP06_Control_12,TP6L12,RTX430,Leaf,TP06,Control,12
SRR8742930_quant,SRR8742930,SRX5535002,A0713166L20,RTX430_Leaf_TP06_Control_20,TP6L20,RTX430,Leaf,TP06,Control,20
SRR8742931_quant,SRR8742931,SRX5535003,A0713166L01,RTX430_Leaf_TP06_Control_1,TP6L1,RTX430,Leaf,TP06,Control,1
SRR8742967_quant,SRR8742967,SRX5535039,A0713166L06,BTX642_Leaf_TP06_Pre_flowering_drought_6,TP6L6,BTX642,Leaf,TP06,Pre_flowering_drought,6
SRR8742968_quant,SRR8742968,SRX5535040,A0713166L14,BTX642_Leaf_TP06_Pre_flowering_drought_14,TP6L14,BTX642,Leaf,TP06,Pre_flowering_drought,14
SRR8742969_quant,SRR8742969,SRX5535041,A0713166L17,BTX642_Leaf_TP06_Pre_flowering_drought_17,TP6L17,BTX642,Leaf,TP06,Pre_flowering_drought,17
SRR8743029_quant,SRR8743029,SRX5535101,A0713166L11,BTX642_Leaf_TP06_Control_11,TP6L11,BTX642,Leaf,TP06,Control,11
SRR8743030_quant,SRR8743030,SRX5535102,A0713166L19,BTX642_Leaf_TP06_Control_19,TP6L19,BTX642,Leaf,TP06,Control,19
SRR8743031_quant,SRR8743031,SRX5535103,A0713166L02,BTX642_Leaf_TP06_Control_2,TP6L2,BTX642,Leaf,TP06,Control,2
SRR8743067_unmaped__quant,SRR8743067,SRX5535139,A0713166R13,RTX430_Root_TP06_Pre_flowering_drought_13,TP6R13,RTX430,Root,TP06,Pre_flowering_drought,13
SRR8743068_unmaped__quant,SRR8743068,SRX5535140,A0713166R05,RTX430_Root_TP06_Pre_flowering_drought_5,TP6R5,RTX430,Root,TP06,Pre_flowering_drought,5
SRR8743069_unmaped__quant,SRR8743069,SRX5535141,A0713166R18,RTX430_Root_TP06_Pre_flowering_drought_18,TP6R18,RTX430,Root,TP06,Pre_flowering_drought,18
SRR8743129_unmaped__quant,SRR8743129,SRX5535201,A0713166R12,RTX430_Root_TP06_Control_12,TP6R12,RTX430,Root,TP06,Control,12
SRR8743130_unmaped__quant,SRR8743130,SRX5535202,A0713166R20,RTX430_Root_TP06_Control_20,TP6R20,RTX430,Root,TP06,Control,20
SRR8743131_unmaped__quant,SRR8743131,SRX5535203,A0713166R01,RTX430_Root_TP06_Control_1,TP6R1,RTX430,Root,TP06,Control,1
SRR8743167_unmaped__quant,SRR8743167,SRX5535239,A0713166R06,BTX642_Root_TP06_Pre_flowering_drought_6,TP6R6,BTX642,Root,TP06,Pre_flowering_drought,6
SRR8743168_unmaped__quant,SRR8743168,SRX5535240,A0713166R14,BTX642_Root_TP06_Pre_flowering_drought_14,TP6R14,BTX642,Root,TP06,Pre_flowering_drought,14
SRR8743169_unmaped__quant,SRR8743169,SRX5535241,A0713166R17,BTX642_Root_TP06_Pre_flowering_drought_17,TP6R17,BTX642,Root,TP06,Pre_flowering_drought,17
SRR8743228_unmaped__quant,SRR8743228,SRX5535300,A0713166R11,BTX642_Root_TP06_Control_11,TP6R11,BTX642,Root,TP06,Control,11
SRR8743229_unmaped__quant,SRR8743229,SRX5535301,A0713166R19,BTX642_Root_TP06_Control_19,TP6R19,BTX642,Root,TP06,Control,19
SRR8743230_unmaped__quant,SRR8743230,SRX5535302,A0713166R02,BTX642_Root_TP06_Control_2,TP6R2,BTX642,Root,TP06,Control,2
SRR8742872_quant,SRR8742872,SRX5534944,A0720167L05,RTX430_Leaf_TP07_Pre_flowering_drought_5,TP7L5,RTX430,Leaf,TP07,Pre_flowering_drought,5
SRR8742932_quant,SRR8742932,SRX5535004,A0720167L12,RTX430_Leaf_TP07_Control_12,TP7L12,RTX430,Leaf,TP07,Control,12
SRR8742970_quant,SRR8742970,SRX5535042,A0720167L06,BTX642_Leaf_TP07_Pre_flowering_drought_6,TP7L6,BTX642,Leaf,TP07,Pre_flowering_drought,6
SRR8743032_quant,SRR8743032,SRX5535104,A0720167L11,BTX642_Leaf_TP07_Control_11,TP7L11,BTX642,Leaf,TP07,Control,11
SRR8743070_unmaped__quant,SRR8743070,SRX5535142,A0720167R05,RTX430_Root_TP07_Pre_flowering_drought_5,TP7R5,RTX430,Root,TP07,Pre_flowering_drought,5
SRR8743132_unmaped__quant,SRR8743132,SRX5535204,A0720167R12,RTX430_Root_TP07_Control_12,TP7R12,RTX430,Root,TP07,Control,12
SRR8743170_unmaped__quant,SRR8743170,SRX5535242,A0720167R06,BTX642_Root_TP07_Pre_flowering_drought_6,TP7R6,BTX642,Root,TP07,Pre_flowering_drought,6
SRR8743231_unmaped__quant,SRR8743231,SRX5535303,A0720167R11,BTX642_Root_TP07_Control_11,TP7R11,BTX642,Root,TP07,Control,11
SRR8742873_quant,SRR8742873,SRX5534945,A0727168L13,RTX430_Leaf_TP08_Pre_flowering_drought_13,TP8L13,RTX430,Leaf,TP08,Pre_flowering_drought,13
SRR8742874_quant,SRR8742874,SRX5534946,A0727168L05,RTX430_Leaf_TP08_Pre_flowering_drought_5,TP8L5,RTX430,Leaf,TP08,Pre_flowering_drought,5
SRR8742875_quant,SRR8742875,SRX5534947,A0727168L18,RTX430_Leaf_TP08_Pre_flowering_drought_18,TP8L18,RTX430,Leaf,TP08,Pre_flowering_drought,18
SRR8742933_quant,SRR8742933,SRX5535005,A0727168L20,RTX430_Leaf_TP08_Control_20,TP8L20,RTX430,Leaf,TP08,Control,20
SRR8742934_quant,SRR8742934,SRX5535006,A0727168L12,RTX430_Leaf_TP08_Control_12,TP8L12,RTX430,Leaf,TP08,Control,12
SRR8742935_quant,SRR8742935,SRX5535007,A0727168L01,RTX430_Leaf_TP08_Control_1,TP8L1,RTX430,Leaf,TP08,Control,1
SRR8742971_quant,SRR8742971,SRX5535043,A0727168L14,BTX642_Leaf_TP08_Pre_flowering_drought_14,TP8L14,BTX642,Leaf,TP08,Pre_flowering_drought,14
SRR8742972_quant,SRR8742972,SRX5535044,A0727168L06,BTX642_Leaf_TP08_Pre_flowering_drought_6,TP8L6,BTX642,Leaf,TP08,Pre_flowering_drought,6
SRR8742973_quant,SRR8742973,SRX5535045,A0727168L17,BTX642_Leaf_TP08_Pre_flowering_drought_17,TP8L17,BTX642,Leaf,TP08,Pre_flowering_drought,17
SRR8743033_quant,SRR8743033,SRX5535105,A0727168L19,BTX642_Leaf_TP08_Control_19,TP8L19,BTX642,Leaf,TP08,Control,19
SRR8743034_quant,SRR8743034,SRX5535106,A0727168L11,BTX642_Leaf_TP08_Control_11,TP8L11,BTX642,Leaf,TP08,Control,11
SRR8743035_quant,SRR8743035,SRX5535107,A0727168L02,BTX642_Leaf_TP08_Control_2,TP8L2,BTX642,Leaf,TP08,Control,2
SRR8743071_unmaped__quant,SRR8743071,SRX5535143,A0727168R13,RTX430_Root_TP08_Pre_flowering_drought_13,TP8R13,RTX430,Root,TP08,Pre_flowering_drought,13
SRR8743072_unmaped__quant,SRR8743072,SRX5535144,A0727168R05,RTX430_Root_TP08_Pre_flowering_drought_5,TP8R5,RTX430,Root,TP08,Pre_flowering_drought,5
SRR8743073_unmaped__quant,SRR8743073,SRX5535145,A0727168R18,RTX430_Root_TP08_Pre_flowering_drought_18,TP8R18,RTX430,Root,TP08,Pre_flowering_drought,18
SRR8743133_unmaped__quant,SRR8743133,SRX5535205,A0727168R12,RTX430_Root_TP08_Control_12,TP8R12,RTX430,Root,TP08,Control,12
SRR8743134_unmaped__quant,SRR8743134,SRX5535206,A0727168R20,RTX430_Root_TP08_Control_20,TP8R20,RTX430,Root,TP08,Control,20
SRR8743135_unmaped__quant,SRR8743135,SRX5535207,A0727168R01,RTX430_Root_TP08_Control_1,TP8R1,RTX430,Root,TP08,Control,1
SRR8743171_unmaped__quant,SRR8743171,SRX5535243,A0727168R06,BTX642_Root_TP08_Pre_flowering_drought_6,TP8R6,BTX642,Root,TP08,Pre_flowering_drought,6
SRR8743172_unmaped__quant,SRR8743172,SRX5535244,A0727168R17,BTX642_Root_TP08_Pre_flowering_drought_17,TP8R17,BTX642,Root,TP08,Pre_flowering_drought,17
SRR8743232_unmaped__quant,SRR8743232,SRX5535304,A0727168R19,BTX642_Root_TP08_Control_19,TP8R19,BTX642,Root,TP08,Control,19
SRR8743233_unmaped__quant,SRR8743233,SRX5535305,A0727168R11,BTX642_Root_TP08_Control_11,TP8R11,BTX642,Root,TP08,Control,11
SRR8743234_unmaped__quant,SRR8743234,SRX5535306,A0727168R02,BTX642_Root_TP08_Control_2,TP8R2,BTX642,Root,TP08,Control,2
SRR8742876_quant,SRR8742876,SRX5534948,A0803169L13,RTX430_Leaf_TP09_Pre_flowering_drought_13,TP9L13,RTX430,Leaf,TP09,Pre_flowering_drought,13
SRR8742877_quant,SRR8742877,SRX5534949,A0803169L05,RTX430_Leaf_TP09_Pre_flowering_drought_5,TP9L5,RTX430,Leaf,TP09,Pre_flowering_drought,5
SRR8742878_quant,SRR8742878,SRX5534950,A0803169L18,RTX430_Leaf_TP09_Pre_flowering_drought_18,TP9L18,RTX430,Leaf,TP09,Pre_flowering_drought,18
SRR8742897_quant,SRR8742897,SRX5534969,A0803169L03,RTX430_Leaf_TP09_Post_flowering_drought_3,TP9L3,RTX430,Leaf,TP09,Post_flowering_drought,3
SRR8742898_quant,SRR8742898,SRX5534970,A0803169L22,RTX430_Leaf_TP09_Post_flowering_drought_22,TP9L22,RTX430,Leaf,TP09,Post_flowering_drought,22
SRR8742899_quant,SRR8742899,SRX5534971,A0803169L16,RTX430_Leaf_TP09_Post_flowering_drought_16,TP9L16,RTX430,Leaf,TP09,Post_flowering_drought,16
SRR8742936_quant,SRR8742936,SRX5535008,A0803169L12,RTX430_Leaf_TP09_Control_12,TP9L12,RTX430,Leaf,TP09,Control,12
SRR8742937_quant,SRR8742937,SRX5535009,A0803169L20,RTX430_Leaf_TP09_Control_20,TP9L20,RTX430,Leaf,TP09,Control,20
SRR8742938_quant,SRR8742938,SRX5535010,A0803169L01,RTX430_Leaf_TP09_Control_1,TP9L1,RTX430,Leaf,TP09,Control,1
SRR8742974_quant,SRR8742974,SRX5535046,A0803169L14,BTX642_Leaf_TP09_Pre_flowering_drought_14,TP9L14,BTX642,Leaf,TP09,Pre_flowering_drought,14
SRR8742975_quant,SRR8742975,SRX5535047,A0803169L06,BTX642_Leaf_TP09_Pre_flowering_drought_6,TP9L6,BTX642,Leaf,TP09,Pre_flowering_drought,6
SRR8742976_quant,SRR8742976,SRX5535048,A0803169L17,BTX642_Leaf_TP09_Pre_flowering_drought_17,TP9L17,BTX642,Leaf,TP09,Pre_flowering_drought,17
SRR8742997_quant,SRR8742997,SRX5535069,A0803169L04,BTX642_Leaf_TP09_Post_flowering_drought_4,TP9L4,BTX642,Leaf,TP09,Post_flowering_drought,4
SRR8742998_quant,SRR8742998,SRX5535070,A0803169L21,BTX642_Leaf_TP09_Post_flowering_drought_21,TP9L21,BTX642,Leaf,TP09,Post_flowering_drought,21
SRR8742999_quant,SRR8742999,SRX5535071,A0803169L15,BTX642_Leaf_TP09_Post_flowering_drought_15,TP9L15,BTX642,Leaf,TP09,Post_flowering_drought,15
SRR8743036_quant,SRR8743036,SRX5535108,A0803169L19,BTX642_Leaf_TP09_Control_19,TP9L19,BTX642,Leaf,TP09,Control,19
SRR8743037_quant,SRR8743037,SRX5535109,A0803169L11,BTX642_Leaf_TP09_Control_11,TP9L11,BTX642,Leaf,TP09,Control,11
SRR8743038_quant,SRR8743038,SRX5535110,A0803169L02,BTX642_Leaf_TP09_Control_2,TP9L2,BTX642,Leaf,TP09,Control,2
SRR8743074_unmaped__quant,SRR8743074,SRX5535146,A0803169R05,RTX430_Root_TP09_Pre_flowering_drought_5,TP9R5,RTX430,Root,TP09,Pre_flowering_drought,5
SRR8743075_unmaped__quant,SRR8743075,SRX5535147,A0803169R13,RTX430_Root_TP09_Pre_flowering_drought_13,TP9R13,RTX430,Root,TP09,Pre_flowering_drought,13
SRR8743076_unmaped__quant,SRR8743076,SRX5535148,A0803169R18,RTX430_Root_TP09_Pre_flowering_drought_18,TP9R18,RTX430,Root,TP09,Pre_flowering_drought,18
SRR8743096_unmaped__quant,SRR8743096,SRX5535168,A0803169R03,RTX430_Root_TP09_Post_flowering_drought_3,TP9R3,RTX430,Root,TP09,Post_flowering_drought,3
SRR8743097_unmaped__quant,SRR8743097,SRX5535169,A0803169R22,RTX430_Root_TP09_Post_flowering_drought_22,TP9R22,RTX430,Root,TP09,Post_flowering_drought,22
SRR8743098_unmaped__quant,SRR8743098,SRX5535170,A0803169R16,RTX430_Root_TP09_Post_flowering_drought_16,TP9R16,RTX430,Root,TP09,Post_flowering_drought,16
SRR8743136_unmaped__quant,SRR8743136,SRX5535208,A0803169R20,RTX430_Root_TP09_Control_20,TP9R20,RTX430,Root,TP09,Control,20
SRR8743137_unmaped__quant,SRR8743137,SRX5535209,A0803169R12,RTX430_Root_TP09_Control_12,TP9R12,RTX430,Root,TP09,Control,12
SRR8743138_unmaped__quant,SRR8743138,SRX5535210,A0803169R01,RTX430_Root_TP09_Control_1,TP9R1,RTX430,Root,TP09,Control,1
SRR8743173_unmaped__quant,SRR8743173,SRX5535245,A0803169R14,BTX642_Root_TP09_Pre_flowering_drought_14,TP9R14,BTX642,Root,TP09,Pre_flowering_drought,14
SRR8743174_unmaped__quant,SRR8743174,SRX5535246,A0803169R06,BTX642_Root_TP09_Pre_flowering_drought_6,TP9R6,BTX642,Root,TP09,Pre_flowering_drought,6
SRR8743175_unmaped__quant,SRR8743175,SRX5535247,A0803169R17,BTX642_Root_TP09_Pre_flowering_drought_17,TP9R17,BTX642,Root,TP09,Pre_flowering_drought,17
SRR8743195_unmaped__quant,SRR8743195,SRX5535267,A0803169R04,BTX642_Root_TP09_Post_flowering_drought_4,TP9R4,BTX642,Root,TP09,Post_flowering_drought,4
SRR8743196_unmaped__quant,SRR8743196,SRX5535268,A0803169R21,BTX642_Root_TP09_Post_flowering_drought_21,TP9R21,BTX642,Root,TP09,Post_flowering_drought,21
SRR8743197_unmaped__quant,SRR8743197,SRX5535269,A0803169R15,BTX642_Root_TP09_Post_flowering_drought_15,TP9R15,BTX642,Root,TP09,Post_flowering_drought,15
SRR8743235_unmaped__quant,SRR8743235,SRX5535307,A0803169R19,BTX642_Root_TP09_Control_19,TP9R19,BTX642,Root,TP09,Control,19
SRR8743236_unmaped__quant,SRR8743236,SRX5535308,A0803169R02,BTX642_Root_TP09_Control_2,TP9R2,BTX642,Root,TP09,Control,2
SRR8743237_unmaped__quant,SRR8743237,SRX5535309,A0803169R11,BTX642_Root_TP09_Control_11,TP9R11,BTX642,Root,TP09,Control,11
SRR8742879_quant,SRR8742879,SRX5534951,A0810162L13,RTX430_Leaf_TP10_Pre_flowering_drought_13,TP10L13,RTX430,Leaf,TP10,Pre_flowering_drought,13
SRR8742880_quant,SRR8742880,SRX5534952,A0810162L05,RTX430_Leaf_TP10_Pre_flowering_drought_5,TP10L5,RTX430,Leaf,TP10,Pre_flowering_drought,5
SRR8742881_quant,SRR8742881,SRX5534953,A0810162L18,RTX430_Leaf_TP10_Pre_flowering_drought_18,TP10L18,RTX430,Leaf,TP10,Pre_flowering_drought,18
SRR8742900_quant,SRR8742900,SRX5534972,A0810162L03,RTX430_Leaf_TP10_Post_flowering_drought_3,TP10L3,RTX430,Leaf,TP10,Post_flowering_drought,3
SRR8742901_quant,SRR8742901,SRX5534973,A0810162L22,RTX430_Leaf_TP10_Post_flowering_drought_22,TP10L22,RTX430,Leaf,TP10,Post_flowering_drought,22
SRR8742902_quant,SRR8742902,SRX5534974,A0810162L16,RTX430_Leaf_TP10_Post_flowering_drought_16,TP10L16,RTX430,Leaf,TP10,Post_flowering_drought,16
SRR8742939_quant,SRR8742939,SRX5535011,A0810162L20,RTX430_Leaf_TP10_Control_20,TP10L20,RTX430,Leaf,TP10,Control,20
SRR8742940_quant,SRR8742940,SRX5535012,A0810162L12,RTX430_Leaf_TP10_Control_12,TP10L12,RTX430,Leaf,TP10,Control,12
SRR8742941_quant,SRR8742941,SRX5535013,A0810162L01,RTX430_Leaf_TP10_Control_1,TP10L1,RTX430,Leaf,TP10,Control,1
SRR8742977_quant,SRR8742977,SRX5535049,A0810162L14,BTX642_Leaf_TP10_Pre_flowering_drought_14,TP10L14,BTX642,Leaf,TP10,Pre_flowering_drought,14
SRR8742978_quant,SRR8742978,SRX5535050,A0810162L06,BTX642_Leaf_TP10_Pre_flowering_drought_6,TP10L6,BTX642,Leaf,TP10,Pre_flowering_drought,6
SRR8742979_quant,SRR8742979,SRX5535051,A0810162L17,BTX642_Leaf_TP10_Pre_flowering_drought_17,TP10L17,BTX642,Leaf,TP10,Pre_flowering_drought,17
SRR8743000_quant,SRR8743000,SRX5535072,A0810162L04,BTX642_Leaf_TP10_Post_flowering_drought_4,TP10L4,BTX642,Leaf,TP10,Post_flowering_drought,4
SRR8743001_quant,SRR8743001,SRX5535073,A0810162L21,BTX642_Leaf_TP10_Post_flowering_drought_21,TP10L21,BTX642,Leaf,TP10,Post_flowering_drought,21
SRR8743002_quant,SRR8743002,SRX5535074,A0810162L15,BTX642_Leaf_TP10_Post_flowering_drought_15,TP10L15,BTX642,Leaf,TP10,Post_flowering_drought,15
SRR8743039_quant,SRR8743039,SRX5535111,A0810162L19,BTX642_Leaf_TP10_Control_19,TP10L19,BTX642,Leaf,TP10,Control,19
SRR8743040_quant,SRR8743040,SRX5535112,A0810162L11,BTX642_Leaf_TP10_Control_11,TP10L11,BTX642,Leaf,TP10,Control,11
SRR8743041_quant,SRR8743041,SRX5535113,A0810162L02,BTX642_Leaf_TP10_Control_2,TP10L2,BTX642,Leaf,TP10,Control,2
SRR8743077_unmaped__quant,SRR8743077,SRX5535149,A0810162R13,RTX430_Root_TP10_Pre_flowering_drought_13,TP10R13,RTX430,Root,TP10,Pre_flowering_drought,13
SRR8743078_unmaped__quant,SRR8743078,SRX5535150,A0810162R05,RTX430_Root_TP10_Pre_flowering_drought_5,TP10R5,RTX430,Root,TP10,Pre_flowering_drought,5
SRR8743079_unmaped__quant,SRR8743079,SRX5535151,A0810162R18,RTX430_Root_TP10_Pre_flowering_drought_18,TP10R18,RTX430,Root,TP10,Pre_flowering_drought,18
SRR8743099_unmaped__quant,SRR8743099,SRX5535171,A0810162R03,RTX430_Root_TP10_Post_flowering_drought_3,TP10R3,RTX430,Root,TP10,Post_flowering_drought,3
SRR8743100_unmaped__quant,SRR8743100,SRX5535172,A0810162R22,RTX430_Root_TP10_Post_flowering_drought_22,TP10R22,RTX430,Root,TP10,Post_flowering_drought,22
SRR8743101_unmaped__quant,SRR8743101,SRX5535173,A0810162R16,RTX430_Root_TP10_Post_flowering_drought_16,#N/A,RTX430,Root,TP10,Post_flowering_drought,16
SRR8743139_unmaped__quant,SRR8743139,SRX5535211,A0810162R20,RTX430_Root_TP10_Control_20,TP10R20,RTX430,Root,TP10,Control,20
SRR8743140_unmaped__quant,SRR8743140,SRX5535212,A0810162R12,RTX430_Root_TP10_Control_12,TP10R12,RTX430,Root,TP10,Control,12
SRR8743141_unmaped__quant,SRR8743141,SRX5535213,A0810162R01,RTX430_Root_TP10_Control_1,TP10R1,RTX430,Root,TP10,Control,1
SRR8743176_unmaped__quant,SRR8743176,SRX5535248,A0810162R14,BTX642_Root_TP10_Pre_flowering_drought_14,TP10R14,BTX642,Root,TP10,Pre_flowering_drought,14
SRR8743177_unmaped__quant,SRR8743177,SRX5535249,A0810162R06,BTX642_Root_TP10_Pre_flowering_drought_6,TP10R6,BTX642,Root,TP10,Pre_flowering_drought,6
SRR8743178_unmaped__quant,SRR8743178,SRX5535250,A0810162R17,BTX642_Root_TP10_Pre_flowering_drought_17,TP10R17,BTX642,Root,TP10,Pre_flowering_drought,17
SRR8743198_unmaped__quant,SRR8743198,SRX5535270,A0810162R04,BTX642_Root_TP10_Post_flowering_drought_4,TP10R4,BTX642,Root,TP10,Post_flowering_drought,4
SRR8743199_unmaped__quant,SRR8743199,SRX5535271,A0810162R21,BTX642_Root_TP10_Post_flowering_drought_21,TP10R21,BTX642,Root,TP10,Post_flowering_drought,21
SRR8743200_unmaped__quant,SRR8743200,SRX5535272,A0810162R15,BTX642_Root_TP10_Post_flowering_drought_15,TP10R15,BTX642,Root,TP10,Post_flowering_drought,15
SRR8743238_unmaped__quant,SRR8743238,SRX5535310,A0810162R19,BTX642_Root_TP10_Control_19,TP10R19,BTX642,Root,TP10,Control,19
SRR8743239_unmaped__quant,SRR8743239,SRX5535311,A0810162R11,BTX642_Root_TP10_Control_11,TP10R11,BTX642,Root,TP10,Control,11
SRR8743240_unmaped__quant,SRR8743240,SRX5535312,A0810162R02,BTX642_Root_TP10_Control_2,TP10R2,BTX642,Root,TP10,Control,2
SRR8742882_quant,SRR8742882,SRX5534954,A0817163L13,RTX430_Leaf_TP11_Pre_flowering_drought_13,TP11L13,RTX430,Leaf,TP11,Pre_flowering_drought,13
SRR8742883_quant,SRR8742883,SRX5534955,A0817163L05,RTX430_Leaf_TP11_Pre_flowering_drought_5,TP11L5,RTX430,Leaf,TP11,Pre_flowering_drought,5
SRR8742884_quant,SRR8742884,SRX5534956,A0817163L18,RTX430_Leaf_TP11_Pre_flowering_drought_18,TP11L18,RTX430,Leaf,TP11,Pre_flowering_drought,18
SRR8742903_quant,SRR8742903,SRX5534975,A0817163L03,RTX430_Leaf_TP11_Post_flowering_drought_3,TP11L3,RTX430,Leaf,TP11,Post_flowering_drought,3
SRR8742904_quant,SRR8742904,SRX5534976,A0817163L22,RTX430_Leaf_TP11_Post_flowering_drought_22,TP11L22,RTX430,Leaf,TP11,Post_flowering_drought,22
SRR8742905_quant,SRR8742905,SRX5534977,A0817163L16,RTX430_Leaf_TP11_Post_flowering_drought_16,TP11L16,RTX430,Leaf,TP11,Post_flowering_drought,16
SRR8742942_quant,SRR8742942,SRX5535014,A0817163L20,RTX430_Leaf_TP11_Control_20,TP11L20,RTX430,Leaf,TP11,Control,20
SRR8742943_quant,SRR8742943,SRX5535015,A0817163L12,RTX430_Leaf_TP11_Control_12,TP11L12,RTX430,Leaf,TP11,Control,12
SRR8742944_quant,SRR8742944,SRX5535016,A0817163L01,RTX430_Leaf_TP11_Control_1,TP11L1,RTX430,Leaf,TP11,Control,1
SRR8742980_quant,SRR8742980,SRX5535052,A0817163L14,BTX642_Leaf_TP11_Pre_flowering_drought_14,TP11L14,BTX642,Leaf,TP11,Pre_flowering_drought,14
SRR8742981_quant,SRR8742981,SRX5535053,A0817163L06,BTX642_Leaf_TP11_Pre_flowering_drought_6,TP11L6,BTX642,Leaf,TP11,Pre_flowering_drought,6
SRR8742982_quant,SRR8742982,SRX5535054,A0817163L17,BTX642_Leaf_TP11_Pre_flowering_drought_17,TP11L17,BTX642,Leaf,TP11,Pre_flowering_drought,17
SRR8743003_quant,SRR8743003,SRX5535075,A0817163L04,BTX642_Leaf_TP11_Post_flowering_drought_4,TP11L4,BTX642,Leaf,TP11,Post_flowering_drought,4
SRR8743004_quant,SRR8743004,SRX5535076,A0817163L21,BTX642_Leaf_TP11_Post_flowering_drought_21,TP11L21,BTX642,Leaf,TP11,Post_flowering_drought,21
SRR8743005_quant,SRR8743005,SRX5535077,A0817163L15,BTX642_Leaf_TP11_Post_flowering_drought_15,TP11L15,BTX642,Leaf,TP11,Post_flowering_drought,15
SRR8743042_quant,SRR8743042,SRX5535114,A0817163L19,BTX642_Leaf_TP11_Control_19,TP11L19,BTX642,Leaf,TP11,Control,19
SRR8743043_quant,SRR8743043,SRX5535115,A0817163L11,BTX642_Leaf_TP11_Control_11,TP11L11,BTX642,Leaf,TP11,Control,11
SRR8743044_quant,SRR8743044,SRX5535116,A0817163L02,BTX642_Leaf_TP11_Control_2,TP11L2,BTX642,Leaf,TP11,Control,2
SRR8743080_unmaped__quant,SRR8743080,SRX5535152,A0817163R13,RTX430_Root_TP11_Pre_flowering_drought_13,TP11R13,RTX430,Root,TP11,Pre_flowering_drought,13
SRR8743081_unmaped__quant,SRR8743081,SRX5535153,A0817163R05,RTX430_Root_TP11_Pre_flowering_drought_5,TP11R5,RTX430,Root,TP11,Pre_flowering_drought,5
SRR8743082_unmaped__quant,SRR8743082,SRX5535154,A0817163R18,RTX430_Root_TP11_Pre_flowering_drought_18,TP11R18,RTX430,Root,TP11,Pre_flowering_drought,18
SRR8743102_unmaped__quant,SRR8743102,SRX5535174,A0817163R03,RTX430_Root_TP11_Post_flowering_drought_3,TP11R3,RTX430,Root,TP11,Post_flowering_drought,3
SRR8743103_unmaped__quant,SRR8743103,SRX5535175,A0817163R22,RTX430_Root_TP11_Post_flowering_drought_22,TP11R22,RTX430,Root,TP11,Post_flowering_drought,22
SRR8743104_unmaped__quant,SRR8743104,SRX5535176,A0817163R16,RTX430_Root_TP11_Post_flowering_drought_16,TP11R16,RTX430,Root,TP11,Post_flowering_drought,16
SRR8743142_unmaped__quant,SRR8743142,SRX5535214,A0817163R20,RTX430_Root_TP11_Control_20,TP11R20,RTX430,Root,TP11,Control,20
SRR8743143_unmaped__quant,SRR8743143,SRX5535215,A0817163R12,RTX430_Root_TP11_Control_12,TP11R12,RTX430,Root,TP11,Control,12
SRR8743144_unmaped__quant,SRR8743144,SRX5535216,A0817163R01,RTX430_Root_TP11_Control_1,TP11R1,RTX430,Root,TP11,Control,1
SRR8743179_unmaped__quant,SRR8743179,SRX5535251,A0817163R14,BTX642_Root_TP11_Pre_flowering_drought_14,TP11R14,BTX642,Root,TP11,Pre_flowering_drought,14
SRR8743180_unmaped__quant,SRR8743180,SRX5535252,A0817163R06,BTX642_Root_TP11_Pre_flowering_drought_6,TP11R6,BTX642,Root,TP11,Pre_flowering_drought,6
SRR8743181_unmaped__quant,SRR8743181,SRX5535253,A0817163R17,BTX642_Root_TP11_Pre_flowering_drought_17,TP11R17,BTX642,Root,TP11,Pre_flowering_drought,17
SRR8743201_unmaped__quant,SRR8743201,SRX5535273,A0817163R04,BTX642_Root_TP11_Post_flowering_drought_4,TP11R4,BTX642,Root,TP11,Post_flowering_drought,4
SRR8743202_unmaped__quant,SRR8743202,SRX5535274,A0817163R21,BTX642_Root_TP11_Post_flowering_drought_21,TP11R21,BTX642,Root,TP11,Post_flowering_drought,21
SRR8743203_unmaped__quant,SRR8743203,SRX5535275,A0817163R15,BTX642_Root_TP11_Post_flowering_drought_15,TP11R15,BTX642,Root,TP11,Post_flowering_drought,15
SRR8743241_unmaped__quant,SRR8743241,SRX5535313,A0817163R19,BTX642_Root_TP11_Control_19,TP11R19,BTX642,Root,TP11,Control,19
SRR8743242_unmaped__quant,SRR8743242,SRX5535314,A0817163R11,BTX642_Root_TP11_Control_11,TP11R11,BTX642,Root,TP11,Control,11
SRR8743243_unmaped__quant,SRR8743243,SRX5535315,A0817163R02,BTX642_Root_TP11_Control_2,TP11R2,BTX642,Root,TP11,Control,2
SRR8742885_quant,SRR8742885,SRX5534957,A0824164L18,RTX430_Leaf_TP12_Pre_flowering_drought_18,TP12L18,RTX430,Leaf,TP12,Pre_flowering_drought,18
SRR8742886_quant,SRR8742886,SRX5534958,A0824164L13,RTX430_Leaf_TP12_Pre_flowering_drought_13,TP12L13,RTX430,Leaf,TP12,Pre_flowering_drought,13
SRR8742887_quant,SRR8742887,SRX5534959,A0824164L05,RTX430_Leaf_TP12_Pre_flowering_drought_5,TP12L5,RTX430,Leaf,TP12,Pre_flowering_drought,5
SRR8742906_quant,SRR8742906,SRX5534978,A0824164L22,RTX430_Leaf_TP12_Post_flowering_drought_22,TP12L22,RTX430,Leaf,TP12,Post_flowering_drought,22
SRR8742946_quant,SRR8742946,SRX5535018,A0824164L01,RTX430_Leaf_TP12_Control_1,TP12L1,RTX430,Leaf,TP12,Control,1
SRR8742947_quant,SRR8742947,SRX5535019,A0824164L12,RTX430_Leaf_TP12_Control_12,TP12L12,RTX430,Leaf,TP12,Control,12
SRR8742983_quant,SRR8742983,SRX5535055,A0824164L06,BTX642_Leaf_TP12_Pre_flowering_drought_6,TP12L6,BTX642,Leaf,TP12,Pre_flowering_drought,6
SRR8742984_quant,SRR8742984,SRX5535056,A0824164L14,BTX642_Leaf_TP12_Pre_flowering_drought_14,TP12L14,BTX642,Leaf,TP12,Pre_flowering_drought,14
SRR8742985_quant,SRR8742985,SRX5535057,A0824164L17,BTX642_Leaf_TP12_Pre_flowering_drought_17,TP12L17,BTX642,Leaf,TP12,Pre_flowering_drought,17
SRR8743006_quant,SRR8743006,SRX5535078,A0824164L21,BTX642_Leaf_TP12_Post_flowering_drought_21,TP12L21,BTX642,Leaf,TP12,Post_flowering_drought,21
SRR8743045_quant,SRR8743045,SRX5535117,A0824164L11,BTX642_Leaf_TP12_Control_11,TP12L11,BTX642,Leaf,TP12,Control,11
SRR8743046_quant,SRR8743046,SRX5535118,A0824164L19,BTX642_Leaf_TP12_Control_19,TP12L19,BTX642,Leaf,TP12,Control,19
SRR8743047_quant,SRR8743047,SRX5535119,A0824164L02,BTX642_Leaf_TP12_Control_2,#N/A,BTX642,Leaf,TP12,Control,2
SRR8743083_unmaped__quant,SRR8743083,SRX5535155,A0824164R18,RTX430_Root_TP12_Pre_flowering_drought_18,TP12R18,RTX430,Root,TP12,Pre_flowering_drought,18
SRR8743085_unmaped__quant,SRR8743085,SRX5535157,A0824164R05,RTX430_Root_TP12_Pre_flowering_drought_5,TP12R5,RTX430,Root,TP12,Pre_flowering_drought,5
SRR8743105_unmaped__quant,SRR8743105,SRX5535177,A0824164R22,RTX430_Root_TP12_Post_flowering_drought_22,TP12R22,RTX430,Root,TP12,Post_flowering_drought,22
SRR8743146_unmaped__quant,SRR8743146,SRX5535218,A0824164R12,RTX430_Root_TP12_Control_12,TP12R12,RTX430,Root,TP12,Control,12
SRR8743182_unmaped__quant,SRR8743182,SRX5535254,A0824164R06,BTX642_Root_TP12_Pre_flowering_drought_6,TP12R6,BTX642,Root,TP12,Pre_flowering_drought,6
SRR8743183_unmaped__quant,SRR8743183,SRX5535255,A0824164R14,BTX642_Root_TP12_Pre_flowering_drought_14,TP12R14,BTX642,Root,TP12,Pre_flowering_drought,14
SRR8743184_unmaped__quant,SRR8743184,SRX5535256,A0824164R17,BTX642_Root_TP12_Pre_flowering_drought_17,TP12R17,BTX642,Root,TP12,Pre_flowering_drought,17
SRR8743204_unmaped__quant,SRR8743204,SRX5535276,A0824164R21,BTX642_Root_TP12_Post_flowering_drought_21,TP12R21,BTX642,Root,TP12,Post_flowering_drought,21
SRR8743244_unmaped__quant,SRR8743244,SRX5535316,A0824164R11,BTX642_Root_TP12_Control_11,TP12R11,BTX642,Root,TP12,Control,11
SRR8743245_unmaped__quant,SRR8743245,SRX5535317,A0824164R02,BTX642_Root_TP12_Control_2,TP12R2,BTX642,Root,TP12,Control,2
SRR8743246_unmaped__quant,SRR8743246,SRX5535318,A0824164R19,BTX642_Root_TP12_Control_19,TP12R19,BTX642,Root,TP12,Control,19
SRR8742945_quant,SRR8742945,SRX5535017,A0824164L20,RTX430_Leaf_TP12_Control_20,TP12L20,RTX430,Leaf,TP12,Control,20
SRR8743084_quant,SRR8743084,SRX5535156,A0824164R13,RTX430_Root_TP12_Pre_flowering_drought_13,TP12R13,RTX430,Root,TP12,Pre_flowering_drought,13
SRR8743145_quant,SRR8743145,SRX5535217,A0824164R20,RTX430_Root_TP12_Control_20,TP12R20,RTX430,Root,TP12,Control,20
SRR8742888_quant,SRR8742888,SRX5534960,A0831165L13,RTX430_Leaf_TP13_Pre_flowering_drought_13,TP13L13,RTX430,Leaf,TP13,Pre_flowering_drought,13
SRR8742889_quant,SRR8742889,SRX5534961,A0831165L18,RTX430_Leaf_TP13_Pre_flowering_drought_18,TP13L18,RTX430,Leaf,TP13,Pre_flowering_drought,18
SRR8742890_quant,SRR8742890,SRX5534962,A0831165L05,RTX430_Leaf_TP13_Pre_flowering_drought_5,TP13L5,RTX430,Leaf,TP13,Pre_flowering_drought,5
SRR8742907_quant,SRR8742907,SRX5534979,A0831165L16,RTX430_Leaf_TP13_Post_flowering_drought_16,TP13L16,RTX430,Leaf,TP13,Post_flowering_drought,16
SRR8742908_quant,SRR8742908,SRX5534980,A0831165L03,RTX430_Leaf_TP13_Post_flowering_drought_3,TP13L3,RTX430,Leaf,TP13,Post_flowering_drought,3
SRR8742909_quant,SRR8742909,SRX5534981,A0831165L22,RTX430_Leaf_TP13_Post_flowering_drought_22,TP13L22,RTX430,Leaf,TP13,Post_flowering_drought,22
SRR8742948_quant,SRR8742948,SRX5535020,A0831165L20,RTX430_Leaf_TP13_Control_20,TP13L20,RTX430,Leaf,TP13,Control,20
SRR8742949_quant,SRR8742949,SRX5535021,A0831165L01,RTX430_Leaf_TP13_Control_1,TP13L1,RTX430,Leaf,TP13,Control,1
SRR8742950_quant,SRR8742950,SRX5535022,A0831165L12,RTX430_Leaf_TP13_Control_12,TP13L12,RTX430,Leaf,TP13,Control,12
SRR8742986_quant,SRR8742986,SRX5535058,A0831165L14,BTX642_Leaf_TP13_Pre_flowering_drought_14,TP13L14,BTX642,Leaf,TP13,Pre_flowering_drought,14
SRR8742987_quant,SRR8742987,SRX5535059,A0831165L17,BTX642_Leaf_TP13_Pre_flowering_drought_17,TP13L17,BTX642,Leaf,TP13,Pre_flowering_drought,17
SRR8742988_quant,SRR8742988,SRX5535060,A0831165L06,BTX642_Leaf_TP13_Pre_flowering_drought_6,TP13L6,BTX642,Leaf,TP13,Pre_flowering_drought,6
SRR8743007_quant,SRR8743007,SRX5535079,A0831165L04,BTX642_Leaf_TP13_Post_flowering_drought_4,TP13L4,BTX642,Leaf,TP13,Post_flowering_drought,4
SRR8743008_quant,SRR8743008,SRX5535080,A0831165L15,BTX642_Leaf_TP13_Post_flowering_drought_15,TP13L15,BTX642,Leaf,TP13,Post_flowering_drought,15
SRR8743009_quant,SRR8743009,SRX5535081,A0831165L21,BTX642_Leaf_TP13_Post_flowering_drought_21,TP13L21,BTX642,Leaf,TP13,Post_flowering_drought,21
SRR8743048_quant,SRR8743048,SRX5535120,A0831165L19,BTX642_Leaf_TP13_Control_19,TP13L19,BTX642,Leaf,TP13,Control,19
SRR8743049_quant,SRR8743049,SRX5535121,A0831165L02,BTX642_Leaf_TP13_Control_2,TP13L2,BTX642,Leaf,TP13,Control,2
SRR8743050_quant,SRR8743050,SRX5535122,A0831165L11,BTX642_Leaf_TP13_Control_11,TP13L11,BTX642,Leaf,TP13,Control,11
SRR8743086_unmaped__quant,SRR8743086,SRX5535158,A0831165R13,RTX430_Root_TP13_Pre_flowering_drought_13,TP13R13,RTX430,Root,TP13,Pre_flowering_drought,13
SRR8743087_unmaped__quant,SRR8743087,SRX5535159,A0831165R05,RTX430_Root_TP13_Pre_flowering_drought_5,TP13R5,RTX430,Root,TP13,Pre_flowering_drought,5
SRR8743088_unmaped__quant,SRR8743088,SRX5535160,A0831165R18,RTX430_Root_TP13_Pre_flowering_drought_18,TP13R18,RTX430,Root,TP13,Pre_flowering_drought,18
SRR8743106_unmaped__quant,SRR8743106,SRX5535178,A0831165R03,RTX430_Root_TP13_Post_flowering_drought_3,TP13R3,RTX430,Root,TP13,Post_flowering_drought,3
SRR8743107_unmaped__quant,SRR8743107,SRX5535179,A0831165R16,RTX430_Root_TP13_Post_flowering_drought_16,TP13R16,RTX430,Root,TP13,Post_flowering_drought,16
SRR8743108_unmaped__quant,SRR8743108,SRX5535180,A0831165R22,RTX430_Root_TP13_Post_flowering_drought_22,TP13R22,RTX430,Root,TP13,Post_flowering_drought,22
SRR8743147_unmaped__quant,SRR8743147,SRX5535219,A0831165R20,RTX430_Root_TP13_Control_20,TP13R20,RTX430,Root,TP13,Control,20
SRR8743148_unmaped__quant,SRR8743148,SRX5535220,A0831165R01,RTX430_Root_TP13_Control_1,TP13R1,RTX430,Root,TP13,Control,1
SRR8743149_unmaped__quant,SRR8743149,SRX5535221,A0831165R12,RTX430_Root_TP13_Control_12,TP13R12,RTX430,Root,TP13,Control,12
SRR8743185_unmaped__quant,SRR8743185,SRX5535257,A0831165R14,BTX642_Root_TP13_Pre_flowering_drought_14,TP13R14,BTX642,Root,TP13,Pre_flowering_drought,14
SRR8743186_unmaped__quant,SRR8743186,SRX5535258,A0831165R17,BTX642_Root_TP13_Pre_flowering_drought_17,TP13R17,BTX642,Root,TP13,Pre_flowering_drought,17
SRR8743187_unmaped__quant,SRR8743187,SRX5535259,A0831165R06,BTX642_Root_TP13_Pre_flowering_drought_6,TP13R6,BTX642,Root,TP13,Pre_flowering_drought,6
SRR8743205_unmaped__quant,SRR8743205,SRX5535277,A0831165R04,BTX642_Root_TP13_Post_flowering_drought_4,TP13R4,BTX642,Root,TP13,Post_flowering_drought,4
SRR8743206_unmaped__quant,SRR8743206,SRX5535278,A0831165R15,BTX642_Root_TP13_Post_flowering_drought_15,TP13R15,BTX642,Root,TP13,Post_flowering_drought,15
SRR8743207_unmaped__quant,SRR8743207,SRX5535279,A0831165R21,BTX642_Root_TP13_Post_flowering_drought_21,TP13R21,BTX642,Root,TP13,Post_flowering_drought,21
SRR8743247_unmaped__quant,SRR8743247,SRX5535319,A0831165R19,BTX642_Root_TP13_Control_19,TP13R19,BTX642,Root,TP13,Control,19
SRR8743248_unmaped__quant,SRR8743248,SRX5535320,A0831165R02,BTX642_Root_TP13_Control_2,TP13R2,BTX642,Root,TP13,Control,2
SRR8743249_unmaped__quant,SRR8743249,SRX5535321,A0831165R11,BTX642_Root_TP13_Control_11,TP13R11,BTX642,Root,TP13,Control,11
SRR8742891_quant,SRR8742891,SRX5534963,A0907166L05,RTX430_Leaf_TP14_Pre_flowering_drought_5,TP14L5,RTX430,Leaf,TP14,Pre_flowering_drought,5
SRR8742910_quant,SRR8742910,SRX5534982,A0907166L22,RTX430_Leaf_TP14_Post_flowering_drought_22,TP14L22,RTX430,Leaf,TP14,Post_flowering_drought,22
SRR8742951_quant,SRR8742951,SRX5535023,A0907166L12,RTX430_Leaf_TP14_Control_12,TP14L12,RTX430,Leaf,TP14,Control,12
SRR8742989_quant,SRR8742989,SRX5535061,A0907166L06,BTX642_Leaf_TP14_Pre_flowering_drought_6,TP14L6,BTX642,Leaf,TP14,Pre_flowering_drought,6
SRR8743010_quant,SRR8743010,SRX5535082,A0907166L21,BTX642_Leaf_TP14_Post_flowering_drought_21,TP14L21,BTX642,Leaf,TP14,Post_flowering_drought,21
SRR8743051_quant,SRR8743051,SRX5535123,A0907166L11,BTX642_Leaf_TP14_Control_11,TP14L11,BTX642,Leaf,TP14,Control,11
SRR8743089_unmaped__quant,SRR8743089,SRX5535161,A0907166R05,RTX430_Root_TP14_Pre_flowering_drought_5,TP14R5,RTX430,Root,TP14,Pre_flowering_drought,5
SRR8743109_unmaped__quant,SRR8743109,SRX5535181,A0907166R22,RTX430_Root_TP14_Post_flowering_drought_22,TP14R22,RTX430,Root,TP14,Post_flowering_drought,22
SRR8743150_unmaped__quant,SRR8743150,SRX5535222,A0907166R12,RTX430_Root_TP14_Control_12,TP14R12,RTX430,Root,TP14,Control,12
SRR8743188_unmaped__quant,SRR8743188,SRX5535260,A0907166R06,BTX642_Root_TP14_Pre_flowering_drought_6,TP14R6,BTX642,Root,TP14,Pre_flowering_drought,6
SRR8743208_unmaped__quant,SRR8743208,SRX5535280,A0907166R21,BTX642_Root_TP14_Post_flowering_drought_21,TP14R21,BTX642,Root,TP14,Post_flowering_drought,21
SRR8743250_unmaped__quant,SRR8743250,SRX5535322,A0907166R11,BTX642_Root_TP14_Control_11,TP14R11,BTX642,Root,TP14,Control,11
SRR8742892_quant,SRR8742892,SRX5534964,A0914167L05,RTX430_Leaf_TP15_Pre_flowering_drought_5,TP15L5,RTX430,Leaf,TP15,Pre_flowering_drought,5
SRR8742911_quant,SRR8742911,SRX5534983,A0914167L03,RTX430_Leaf_TP15_Post_flowering_drought_3,TP15L3,RTX430,Leaf,TP15,Post_flowering_drought,3
SRR8742912_quant,SRR8742912,SRX5534984,A0914167L16,RTX430_Leaf_TP15_Post_flowering_drought_16,TP15L16,RTX430,Leaf,TP15,Post_flowering_drought,16
SRR8742913_quant,SRR8742913,SRX5534985,A0914167L22,RTX430_Leaf_TP15_Post_flowering_drought_22,TP15L22,RTX430,Leaf,TP15,Post_flowering_drought,22
SRR8742952_quant,SRR8742952,SRX5535024,A0914167L20,RTX430_Leaf_TP15_Control_20,TP15L20,RTX430,Leaf,TP15,Control,20
SRR8742953_quant,SRR8742953,SRX5535025,A0914167L12,RTX430_Leaf_TP15_Control_12,TP15L12,RTX430,Leaf,TP15,Control,12
SRR8742990_quant,SRR8742990,SRX5535062,A0914167L06,BTX642_Leaf_TP15_Pre_flowering_drought_6,TP15L6,BTX642,Leaf,TP15,Pre_flowering_drought,6
SRR8742991_quant,SRR8742991,SRX5535063,A0914167L14,BTX642_Leaf_TP15_Pre_flowering_drought_14,TP15L14,BTX642,Leaf,TP15,Pre_flowering_drought,14
SRR8742992_quant,SRR8742992,SRX5535064,A0914167L17,BTX642_Leaf_TP15_Pre_flowering_drought_17,TP15L17,BTX642,Leaf,TP15,Pre_flowering_drought,17
SRR8743011_quant,SRR8743011,SRX5535083,A0914167L04,BTX642_Leaf_TP15_Post_flowering_drought_4,TP15L4,BTX642,Leaf,TP15,Post_flowering_drought,4
SRR8743012_quant,SRR8743012,SRX5535084,A0914167L15,BTX642_Leaf_TP15_Post_flowering_drought_15,TP15L15,BTX642,Leaf,TP15,Post_flowering_drought,15
SRR8743013_quant,SRR8743013,SRX5535085,A0914167L21,BTX642_Leaf_TP15_Post_flowering_drought_21,TP15L21,BTX642,Leaf,TP15,Post_flowering_drought,21
SRR8743052_quant,SRR8743052,SRX5535124,A0914167L19,BTX642_Leaf_TP15_Control_19,TP15L19,BTX642,Leaf,TP15,Control,19
SRR8743053_quant,SRR8743053,SRX5535125,A0914167L02,BTX642_Leaf_TP15_Control_2,TP15L2,BTX642,Leaf,TP15,Control,2
SRR8743054_quant,SRR8743054,SRX5535126,A0914167L11,BTX642_Leaf_TP15_Control_11,TP15L11,BTX642,Leaf,TP15,Control,11
SRR8743090_unmaped__quant,SRR8743090,SRX5535162,A0914167R05,RTX430_Root_TP15_Pre_flowering_drought_5,TP15R5,RTX430,Root,TP15,Pre_flowering_drought,5
SRR8743091_unmaped__quant,SRR8743091,SRX5535163,A0914167R13,RTX430_Root_TP15_Pre_flowering_drought_13,TP15R13,RTX430,Root,TP15,Pre_flowering_drought,13
SRR8743110_unmaped__quant,SRR8743110,SRX5535182,A0914167R03,RTX430_Root_TP15_Post_flowering_drought_3,TP15R3,RTX430,Root,TP15,Post_flowering_drought,3
SRR8743111_unmaped__quant,SRR8743111,SRX5535183,A0914167R16,RTX430_Root_TP15_Post_flowering_drought_16,TP15R16,RTX430,Root,TP15,Post_flowering_drought,16
SRR8743112_unmaped__quant,SRR8743112,SRX5535184,A0914167R22,RTX430_Root_TP15_Post_flowering_drought_22,TP15R22,RTX430,Root,TP15,Post_flowering_drought,22
SRR8743151_unmaped__quant,SRR8743151,SRX5535223,A0914167R12,RTX430_Root_TP15_Control_12,TP15R12,RTX430,Root,TP15,Control,12
SRR8743152_unmaped__quant,SRR8743152,SRX5535224,A0914167R20,RTX430_Root_TP15_Control_20,TP15R20,RTX430,Root,TP15,Control,20
SRR8743153_unmaped__quant,SRR8743153,SRX5535225,A0914167R01,RTX430_Root_TP15_Control_1,TP15R1,RTX430,Root,TP15,Control,1
SRR8743189_unmaped__quant,SRR8743189,SRX5535261,A0914167R14,BTX642_Root_TP15_Pre_flowering_drought_14,TP15R14,BTX642,Root,TP15,Pre_flowering_drought,14
SRR8743190_unmaped__quant,SRR8743190,SRX5535262,A0914167R17,BTX642_Root_TP15_Pre_flowering_drought_17,TP15R17,BTX642,Root,TP15,Pre_flowering_drought,17
SRR8743209_unmaped__quant,SRR8743209,SRX5535281,A0914167R15,BTX642_Root_TP15_Post_flowering_drought_15,TP15R15,BTX642,Root,TP15,Post_flowering_drought,15
SRR8743210_unmaped__quant,SRR8743210,SRX5535282,A0914167R21,BTX642_Root_TP15_Post_flowering_drought_21,#N/A,BTX642,Root,TP15,Post_flowering_drought,21
SRR8743211_unmaped__quant,SRR8743211,SRX5535283,A0914167R04,BTX642_Root_TP15_Post_flowering_drought_4,TP15R4,BTX642,Root,TP15,Post_flowering_drought,4
SRR8743251_unmaped__quant,SRR8743251,SRX5535323,A0914167R19,BTX642_Root_TP15_Control_19,TP15R19,BTX642,Root,TP15,Control,19
SRR8743252_unmaped__quant,SRR8743252,SRX5535324,A0914167R11,BTX642_Root_TP15_Control_11,TP15R11,BTX642,Root,TP15,Control,11
SRR8742893_quant,SRR8742893,SRX5534965,A0921168L05,RTX430_Leaf_TP16_Pre_flowering_drought_5,TP16L5,RTX430,Leaf,TP16,Pre_flowering_drought,5
SRR8742954_quant,SRR8742954,SRX5535026,A0921168L12,RTX430_Leaf_TP16_Control_12,TP16L12,RTX430,Leaf,TP16,Control,12
SRR8742993_quant,SRR8742993,SRX5535065,A0921168L06,BTX642_Leaf_TP16_Pre_flowering_drought_6,TP16L6,BTX642,Leaf,TP16,Pre_flowering_drought,6
SRR8743014_quant,SRR8743014,SRX5535086,A0921168L21,BTX642_Leaf_TP16_Post_flowering_drought_21,TP16L21,BTX642,Leaf,TP16,Post_flowering_drought,21
SRR8743092_unmaped__quant,SRR8743092,SRX5535164,A0921168R05,RTX430_Root_TP16_Pre_flowering_drought_5,TP16R5,RTX430,Root,TP16,Pre_flowering_drought,5
SRR8743113_unmaped__quant,SRR8743113,SRX5535185,A0921168R22,RTX430_Root_TP16_Post_flowering_drought_22,TP16R22,RTX430,Root,TP16,Post_flowering_drought,22
SRR8743154_unmaped__quant,SRR8743154,SRX5535226,A0921168R12,RTX430_Root_TP16_Control_12,TP16R12,RTX430,Root,TP16,Control,12
SRR8743191_unmaped__quant,SRR8743191,SRX5535263,A0921168R06,BTX642_Root_TP16_Pre_flowering_drought_6,TP16R6,BTX642,Root,TP16,Pre_flowering_drought,6
SRR8743212_unmaped__quant,SRR8743212,SRX5535284,A0921168R21,BTX642_Root_TP16_Post_flowering_drought_21,TP16R21,BTX642,Root,TP16,Post_flowering_drought,21
SRR8742894_quant,SRR8742894,SRX5534966,A0928169L13,RTX430_Leaf_TP17_Pre_flowering_drought_13,TP17L13,RTX430,Leaf,TP17,Pre_flowering_drought,13
SRR8742895_quant,SRR8742895,SRX5534967,A0928169L05,RTX430_Leaf_TP17_Pre_flowering_drought_5,TP17L5,RTX430,Leaf,TP17,Pre_flowering_drought,5
SRR8742896_quant,SRR8742896,SRX5534968,A0928169L18,RTX430_Leaf_TP17_Pre_flowering_drought_18,TP17L18,RTX430,Leaf,TP17,Pre_flowering_drought,18
SRR8742915_quant,SRR8742915,SRX5534987,A0928169L16,RTX430_Leaf_TP17_Post_flowering_drought_16,TP17L16,RTX430,Leaf,TP17,Post_flowering_drought,16
SRR8742916_quant,SRR8742916,SRX5534988,A0928169L22,RTX430_Leaf_TP17_Post_flowering_drought_22,TP17L22,RTX430,Leaf,TP17,Post_flowering_drought,22
SRR8742955_quant,SRR8742955,SRX5535027,A0928169L01,RTX430_Leaf_TP17_Control_1,TP17L1,RTX430,Leaf,TP17,Control,1
SRR8742956_quant,SRR8742956,SRX5535028,A0928169L20,RTX430_Leaf_TP17_Control_20,TP17L20,RTX430,Leaf,TP17,Control,20
SRR8742957_quant,SRR8742957,SRX5535029,A0928169L12,RTX430_Leaf_TP17_Control_12,TP17L12,RTX430,Leaf,TP17,Control,12
SRR8742994_quant,SRR8742994,SRX5535066,A0928169L06,BTX642_Leaf_TP17_Pre_flowering_drought_6,TP17L6,BTX642,Leaf,TP17,Pre_flowering_drought,6
SRR8742995_quant,SRR8742995,SRX5535067,A0928169L14,BTX642_Leaf_TP17_Pre_flowering_drought_14,TP17L14,BTX642,Leaf,TP17,Pre_flowering_drought,14
SRR8742996_quant,SRR8742996,SRX5535068,A0928169L17,BTX642_Leaf_TP17_Pre_flowering_drought_17,TP17L17,BTX642,Leaf,TP17,Pre_flowering_drought,17
SRR8743015_quant,SRR8743015,SRX5535087,A0928169L04,BTX642_Leaf_TP17_Post_flowering_drought_4,TP17L4,BTX642,Leaf,TP17,Post_flowering_drought,4
SRR8743016_quant,SRR8743016,SRX5535088,A0928169L15,BTX642_Leaf_TP17_Post_flowering_drought_15,TP17L15,BTX642,Leaf,TP17,Post_flowering_drought,15
SRR8743017_quant,SRR8743017,SRX5535089,A0928169L21,BTX642_Leaf_TP17_Post_flowering_drought_21,TP17L21,BTX642,Leaf,TP17,Post_flowering_drought,21
SRR8743055_quant,SRR8743055,SRX5535127,A0928169L02,BTX642_Leaf_TP17_Control_2,TP17L2,BTX642,Leaf,TP17,Control,2
SRR8743056_quant,SRR8743056,SRX5535128,A0928169L11,BTX642_Leaf_TP17_Control_11,TP17L11,BTX642,Leaf,TP17,Control,11
SRR8743057_quant,SRR8743057,SRX5535129,A0928169L19,BTX642_Leaf_TP17_Control_19,TP17L19,BTX642,Leaf,TP17,Control,19
SRR8743093_unmaped__quant,SRR8743093,SRX5535165,A0928169R18,RTX430_Root_TP17_Pre_flowering_drought_18,TP17R18,RTX430,Root,TP17,Pre_flowering_drought,18
SRR8743094_unmaped__quant,SRR8743094,SRX5535166,A0928169R13,RTX430_Root_TP17_Pre_flowering_drought_13,TP17R13,RTX430,Root,TP17,Pre_flowering_drought,13
SRR8743095_unmaped__quant,SRR8743095,SRX5535167,A0928169R05,RTX430_Root_TP17_Pre_flowering_drought_5,TP17R5,RTX430,Root,TP17,Pre_flowering_drought,5
SRR8743114_unmaped__quant,SRR8743114,SRX5535186,A0928169R22,RTX430_Root_TP17_Post_flowering_drought_22,TP17R22,RTX430,Root,TP17,Post_flowering_drought,22
SRR8743115_unmaped__quant,SRR8743115,SRX5535187,A0928169R03,RTX430_Root_TP17_Post_flowering_drought_3,TP17R3,RTX430,Root,TP17,Post_flowering_drought,3
SRR8743116_unmaped__quant,SRR8743116,SRX5535188,A0928169R16,RTX430_Root_TP17_Post_flowering_drought_16,TP17R16,RTX430,Root,TP17,Post_flowering_drought,16
SRR8743155_unmaped__quant,SRR8743155,SRX5535227,A0928169R20,RTX430_Root_TP17_Control_20,TP17R20,RTX430,Root,TP17,Control,20
SRR8743156_unmaped__quant,SRR8743156,SRX5535228,A0928169R01,RTX430_Root_TP17_Control_1,TP17R1,RTX430,Root,TP17,Control,1
SRR8743157_unmaped__quant,SRR8743157,SRX5535229,A0928169R12,RTX430_Root_TP17_Control_12,TP17R12,RTX430,Root,TP17,Control,12
SRR8743192_unmaped__quant,SRR8743192,SRX5535264,A0928169R06,BTX642_Root_TP17_Pre_flowering_drought_6,TP17R6,BTX642,Root,TP17,Pre_flowering_drought,6
SRR8743193_unmaped__quant,SRR8743193,SRX5535265,A0928169R14,BTX642_Root_TP17_Pre_flowering_drought_14,TP17R14,BTX642,Root,TP17,Pre_flowering_drought,14
SRR8743194_unmaped__quant,SRR8743194,SRX5535266,A0928169R17,BTX642_Root_TP17_Pre_flowering_drought_17,TP17R17,BTX642,Root,TP17,Pre_flowering_drought,17
SRR8743213_unmaped__quant,SRR8743213,SRX5535285,A0928169R04,BTX642_Root_TP17_Post_flowering_drought_4,TP17R4,BTX642,Root,TP17,Post_flowering_drought,4
SRR8743214_unmaped__quant,SRR8743214,SRX5535286,A0928169R15,BTX642_Root_TP17_Post_flowering_drought_15,TP17R15,BTX642,Root,TP17,Post_flowering_drought,15
SRR8743215_unmaped__quant,SRR8743215,SRX5535287,A0928169R21,BTX642_Root_TP17_Post_flowering_drought_21,TP17R21,BTX642,Root,TP17,Post_flowering_drought,21
SRR8743253_unmaped__quant,SRR8743253,SRX5535325,A0928169R11,BTX642_Root_TP17_Control_11,TP17R11,BTX642,Root,TP17,Control,11
SRR8743254_unmaped__quant,SRR8743254,SRX5535326,A0928169R19,BTX642_Root_TP17_Control_19,TP17R19,BTX642,Root,TP17,Control,19
SRR8743255_unmaped__quant,SRR8743255,SRX5535327,A0928169R02,BTX642_Root_TP17_Control_2,TP17R2,BTX642,Root,TP17,Control,2
SRR8742914_quant,SRR8742914,SRX5534986,A0928169L03,RTX430_Leaf_TP17_Post_flowering_drought_3,TP17L3,RTX430,Leaf,TP17,Post_flowering_drought,3
