"","ID_OTU","Fungi_percent","ID.x","size_content","ID.y","GC_content","ID1","ID2","ID3","ID_cross","Cultivar","Habitat","Timepiont","Treatment1","plot"
"1","TP3L5",3.17767339,"TP3L5",2502.58658768132,"SRR8742861_quant",46.4171165906159,"SRR8742861","SRX5534933","A0622162L05","RTX430_Leaf_TP03_Pre_flowering_drought_5","RTX430","Leaf",3,"Pre_flowering_drought",5
"2","TP3L13",57.78991748,"TP3L13",2569.9100074504,"SRR8742862_quant",46.1896949098595,"SRR8742862","SRX5534934","A0622162L13","RTX430_Leaf_TP03_Pre_flowering_drought_13","RTX430","Leaf",3,"Pre_flowering_drought",13
"3","TP3L18",6.734275737,"TP3L18",2617.93482494204,"SRR8742863_quant",46.3183158149689,"SRR8742863","SRX5534935","A0622162L18","RTX430_Leaf_TP03_Pre_flowering_drought_18","RTX430","Leaf",3,"Pre_flowering_drought",18
"4","TP4L5",17.17123936,"TP4L5",2293.08704165144,"SRR8742864_quant",47.1773731205294,"SRR8742864","SRX5534936","A0629164L05","RTX430_Leaf_TP04_Pre_flowering_drought_5","RTX430","Leaf",4,"Pre_flowering_drought",5
"5","TP4L13",3.046402808,"TP4L13",2443.12122406606,"SRR8742865_quant",46.0341701726076,"SRR8742865","SRX5534937","A0629164L13","RTX430_Leaf_TP04_Pre_flowering_drought_13","RTX430","Leaf",4,"Pre_flowering_drought",13
"6","TP4L18",13.60513133,"TP4L18",2483.28470331805,"SRR8742866_quant",46.5569904450758,"SRR8742866","SRX5534938","A0629164L18","RTX430_Leaf_TP04_Pre_flowering_drought_18","RTX430","Leaf",4,"Pre_flowering_drought",18
"7","TP5L13",9.236646589,"TP5L13",2445.83909886112,"SRR8742867_quant",46.0306532521791,"SRR8742867","SRX5534939","A0706165L13","RTX430_Leaf_TP05_Pre_flowering_drought_13","RTX430","Leaf",5,"Pre_flowering_drought",13
"8","TP5L5",4.108228144,"TP5L5",2282.59023512839,"SRR8742868_quant",46.7762072107632,"SRR8742868","SRX5534940","A0706165L05","RTX430_Leaf_TP05_Pre_flowering_drought_5","RTX430","Leaf",5,"Pre_flowering_drought",5
"9","TP6L5",8.039666088,"TP6L5",2536.73555891211,"SRR8742869_quant",46.0800737307347,"SRR8742869","SRX5534941","A0713166L05","RTX430_Leaf_TP06_Pre_flowering_drought_5","RTX430","Leaf",6,"Pre_flowering_drought",5
"10","TP6L13",14.88869967,"TP6L13",2655.11937434026,"SRR8742870_quant",46.2680163649295,"SRR8742870","SRX5534942","A0713166L13","RTX430_Leaf_TP06_Pre_flowering_drought_13","RTX430","Leaf",6,"Pre_flowering_drought",13
"11","TP6L18",6.127630999,"TP6L18",2620.71045317631,"SRR8742871_quant",46.0203305573461,"SRR8742871","SRX5534943","A0713166L18","RTX430_Leaf_TP06_Pre_flowering_drought_18","RTX430","Leaf",6,"Pre_flowering_drought",18
"12","TP7L5",9.656940545,"TP7L5",2619.69839366823,"SRR8742872_quant",46.2539738827746,"SRR8742872","SRX5534944","A0720167L05","RTX430_Leaf_TP07_Pre_flowering_drought_5","RTX430","Leaf",7,"Pre_flowering_drought",5
"13","TP8L13",7.662200813,"TP8L13",2443.35936164462,"SRR8742873_quant",47.206354109384,"SRR8742873","SRX5534945","A0727168L13","RTX430_Leaf_TP08_Pre_flowering_drought_13","RTX430","Leaf",8,"Pre_flowering_drought",13
"14","TP8L5",28.70958289,"TP8L5",2524.36039703444,"SRR8742874_quant",47.4552542129653,"SRR8742874","SRX5534946","A0727168L05","RTX430_Leaf_TP08_Pre_flowering_drought_5","RTX430","Leaf",8,"Pre_flowering_drought",5
"15","TP8L18",31.34535952,"TP8L18",2187.9587477056,"SRR8742875_quant",47.0374865113452,"SRR8742875","SRX5534947","A0727168L18","RTX430_Leaf_TP08_Pre_flowering_drought_18","RTX430","Leaf",8,"Pre_flowering_drought",18
"16","TP9L13",33.71847572,"TP9L13",2503.14560789005,"SRR8742876_quant",47.6623141539325,"SRR8742876","SRX5534948","A0803169L13","RTX430_Leaf_TP09_Pre_flowering_drought_13","RTX430","Leaf",9,"Pre_flowering_drought",13
"17","TP9L5",25.66297882,"TP9L5",2419.48698497197,"SRR8742877_quant",48.1704251352958,"SRR8742877","SRX5534949","A0803169L05","RTX430_Leaf_TP09_Pre_flowering_drought_5","RTX430","Leaf",9,"Pre_flowering_drought",5
"18","TP9L18",31.48867707,"TP9L18",2254.93129565565,"SRR8742878_quant",47.6399888334352,"SRR8742878","SRX5534950","A0803169L18","RTX430_Leaf_TP09_Pre_flowering_drought_18","RTX430","Leaf",9,"Pre_flowering_drought",18
"19","TP10L13",38.66610013,"TP10L13",2456.67273254385,"SRR8742879_quant",47.2377909091002,"SRR8742879","SRX5534951","A0810162L13","RTX430_Leaf_TP10_Pre_flowering_drought_13","RTX430","Leaf",10,"Pre_flowering_drought",13
"20","TP10L5",61.63943812,"TP10L5",2427.27260937002,"SRR8742880_quant",47.5080344811046,"SRR8742880","SRX5534952","A0810162L05","RTX430_Leaf_TP10_Pre_flowering_drought_5","RTX430","Leaf",10,"Pre_flowering_drought",5
"21","TP10L18",38.71848193,"TP10L18",2135.65639555313,"SRR8742881_quant",47.9792681523595,"SRR8742881","SRX5534953","A0810162L18","RTX430_Leaf_TP10_Pre_flowering_drought_18","RTX430","Leaf",10,"Pre_flowering_drought",18
"22","TP11L13",64.88646994,"TP11L13",2370.22262714359,"SRR8742882_quant",48.1758135295116,"SRR8742882","SRX5534954","A0817163L13","RTX430_Leaf_TP11_Pre_flowering_drought_13","RTX430","Leaf",11,"Pre_flowering_drought",13
"23","TP11L5",60.90381662,"TP11L5",2263.28650275048,"SRR8742883_quant",49.1263347918129,"SRR8742883","SRX5534955","A0817163L05","RTX430_Leaf_TP11_Pre_flowering_drought_5","RTX430","Leaf",11,"Pre_flowering_drought",5
"24","TP11L18",38.94679931,"TP11L18",2519.97166542891,"SRR8742884_quant",47.3717094362449,"SRR8742884","SRX5534956","A0817163L18","RTX430_Leaf_TP11_Pre_flowering_drought_18","RTX430","Leaf",11,"Pre_flowering_drought",18
"25","TP12L18",84.18990766,"TP12L18",2238.03031232361,"SRR8742885_quant",48.7441868941746,"SRR8742885","SRX5534957","A0824164L18","RTX430_Leaf_TP12_Pre_flowering_drought_18","RTX430","Leaf",12,"Pre_flowering_drought",18
"26","TP12L13",72.28806385,"TP12L13",2161.60281685372,"SRR8742886_quant",48.169100609752,"SRR8742886","SRX5534958","A0824164L13","RTX430_Leaf_TP12_Pre_flowering_drought_13","RTX430","Leaf",12,"Pre_flowering_drought",13
"27","TP12L5",85.82854156,"TP12L5",1866.04977599306,"SRR8742887_quant",50.4493308302413,"SRR8742887","SRX5534959","A0824164L05","RTX430_Leaf_TP12_Pre_flowering_drought_5","RTX430","Leaf",12,"Pre_flowering_drought",5
"28","TP13L13",97.6570935,"TP13L13",1711.71606257019,"SRR8742888_quant",50.7356277602499,"SRR8742888","SRX5534960","A0831165L13","RTX430_Leaf_TP13_Pre_flowering_drought_13","RTX430","Leaf",13,"Pre_flowering_drought",13
"29","TP13L18",95.05036569,"TP13L18",1749.11503851252,"SRR8742889_quant",50.3932985942006,"SRR8742889","SRX5534961","A0831165L18","RTX430_Leaf_TP13_Pre_flowering_drought_18","RTX430","Leaf",13,"Pre_flowering_drought",18
"30","TP13L5",88.66245166,"TP13L5",1614.56858931144,"SRR8742890_quant",51.3701880161313,"SRR8742890","SRX5534962","A0831165L05","RTX430_Leaf_TP13_Pre_flowering_drought_5","RTX430","Leaf",13,"Pre_flowering_drought",5
"31","TP14L5",95.91836735,"TP14L5",1709.039985413,"SRR8742891_quant",50.8591332114159,"SRR8742891","SRX5534963","A0907166L05","RTX430_Leaf_TP14_Pre_flowering_drought_5","RTX430","Leaf",14,"Pre_flowering_drought",5
"32","TP15L5",92.63828415,"TP15L5",1453.35306668781,"SRR8742892_quant",51.0928517980707,"SRR8742892","SRX5534964","A0914167L05","RTX430_Leaf_TP15_Pre_flowering_drought_5","RTX430","Leaf",15,"Pre_flowering_drought",5
"33","TP16L5",94.74758621,"TP16L5",1307.43204815763,"SRR8742893_quant",52.7530268765627,"SRR8742893","SRX5534965","A0921168L05","RTX430_Leaf_TP16_Pre_flowering_drought_5","RTX430","Leaf",16,"Pre_flowering_drought",5
"34","TP17L13",92.23234185,"TP17L13",1440.51389827805,"SRR8742894_quant",52.2141227208751,"SRR8742894","SRX5534966","A0928169L13","RTX430_Leaf_TP17_Pre_flowering_drought_13","RTX430","Leaf",17,"Pre_flowering_drought",13
"35","TP17L5",98.04283198,"TP17L5",1501.65000687701,"SRR8742895_quant",51.6819360276915,"SRR8742895","SRX5534967","A0928169L05","RTX430_Leaf_TP17_Pre_flowering_drought_5","RTX430","Leaf",17,"Pre_flowering_drought",5
"36","TP17L18",97.50446325,"TP17L18",1314.21888437907,"SRR8742896_quant",52.9233818958373,"SRR8742896","SRX5534968","A0928169L18","RTX430_Leaf_TP17_Pre_flowering_drought_18","RTX430","Leaf",17,"Pre_flowering_drought",18
"37","TP9L3",55.41911202,"TP9L3",2166.83232596786,"SRR8742897_quant",46.5470924342882,"SRR8742897","SRX5534969","A0803169L03","RTX430_Leaf_TP09_Post_flowering_drought_3","RTX430","Leaf",9,"Post_flowering_drought",3
"38","TP9L22",54.48691901,"TP9L22",2191.61800717728,"SRR8742898_quant",47.5363076472281,"SRR8742898","SRX5534970","A0803169L22","RTX430_Leaf_TP09_Post_flowering_drought_22","RTX430","Leaf",9,"Post_flowering_drought",22
"39","TP9L16",51.29515419,"TP9L16",2369.04463075515,"SRR8742899_quant",46.8109382829816,"SRR8742899","SRX5534971","A0803169L16","RTX430_Leaf_TP09_Post_flowering_drought_16","RTX430","Leaf",9,"Post_flowering_drought",16
"40","TP10L3",65.19857323,"TP10L3",2260.30364430646,"SRR8742900_quant",48.1770409070281,"SRR8742900","SRX5534972","A0810162L03","RTX430_Leaf_TP10_Post_flowering_drought_3","RTX430","Leaf",10,"Post_flowering_drought",3
"41","TP10L22",80.88256657,"TP10L22",1908.47720314053,"SRR8742901_quant",49.3193321748521,"SRR8742901","SRX5534973","A0810162L22","RTX430_Leaf_TP10_Post_flowering_drought_22","RTX430","Leaf",10,"Post_flowering_drought",22
"42","TP10L16",41.66018095,"TP10L16",1898.52007615676,"SRR8742902_quant",48.4431932471468,"SRR8742902","SRX5534974","A0810162L16","RTX430_Leaf_TP10_Post_flowering_drought_16","RTX430","Leaf",10,"Post_flowering_drought",16
"43","TP11L3",87.83995231,"TP11L3",1625.8004082093,"SRR8742903_quant",51.5668017340603,"SRR8742903","SRX5534975","A0817163L03","RTX430_Leaf_TP11_Post_flowering_drought_3","RTX430","Leaf",11,"Post_flowering_drought",3
"44","TP11L22",68.5783711,"TP11L22",1599.36562683752,"SRR8742904_quant",51.4913344906961,"SRR8742904","SRX5534976","A0817163L22","RTX430_Leaf_TP11_Post_flowering_drought_22","RTX430","Leaf",11,"Post_flowering_drought",22
"45","TP11L16",71.86785635,"TP11L16",1512.3290535382,"SRR8742905_quant",51.1680389622616,"SRR8742905","SRX5534977","A0817163L16","RTX430_Leaf_TP11_Post_flowering_drought_16","RTX430","Leaf",11,"Post_flowering_drought",16
"46","TP12L22",95.20393568,"TP12L22",1397.38060699091,"SRR8742906_quant",52.2103325981904,"SRR8742906","SRX5534978","A0824164L22","RTX430_Leaf_TP12_Post_flowering_drought_22","RTX430","Leaf",12,"Post_flowering_drought",22
"47","TP13L16",95.51783228,"TP13L16",1138.36386302498,"SRR8742907_quant",53.8786820550454,"SRR8742907","SRX5534979","A0831165L16","RTX430_Leaf_TP13_Post_flowering_drought_16","RTX430","Leaf",13,"Post_flowering_drought",16
"48","TP13L3",95.59096686,"TP13L3",1200.08499537362,"SRR8742908_quant",53.6284794863991,"SRR8742908","SRX5534980","A0831165L03","RTX430_Leaf_TP13_Post_flowering_drought_3","RTX430","Leaf",13,"Post_flowering_drought",3
"49","TP13L22",95.81501888,"TP13L22",1310.07893170686,"SRR8742909_quant",53.0668369004809,"SRR8742909","SRX5534981","A0831165L22","RTX430_Leaf_TP13_Post_flowering_drought_22","RTX430","Leaf",13,"Post_flowering_drought",22
"50","TP14L22",95.16385722,"TP14L22",1288.84037230492,"SRR8742910_quant",53.0599105625163,"SRR8742910","SRX5534982","A0907166L22","RTX430_Leaf_TP14_Post_flowering_drought_22","RTX430","Leaf",14,"Post_flowering_drought",22
"51","TP15L3",93.5331825,"TP15L3",1170.18083908256,"SRR8742911_quant",53.6694136378395,"SRR8742911","SRX5534983","A0914167L03","RTX430_Leaf_TP15_Post_flowering_drought_3","RTX430","Leaf",15,"Post_flowering_drought",3
"52","TP15L16",95.24958468,"TP15L16",1098.04086806445,"SRR8742912_quant",53.8263383926986,"SRR8742912","SRX5534984","A0914167L16","RTX430_Leaf_TP15_Post_flowering_drought_16","RTX430","Leaf",15,"Post_flowering_drought",16
"53","TP15L22",96.65193297,"TP15L22",1178.55568441496,"SRR8742913_quant",53.605171632131,"SRR8742913","SRX5534985","A0914167L22","RTX430_Leaf_TP15_Post_flowering_drought_22","RTX430","Leaf",15,"Post_flowering_drought",22
"54","TP17L3",94.59855799,"TP17L3",1469.22854731155,"SRR8742914_quant",51.4163765383244,"SRR8742914","SRX5534986","A0928169L03","RTX430_Leaf_TP17_Post_flowering_drought_3","RTX430","Leaf",17,"Post_flowering_drought",3
"55","TP17L16",97.44375523,"TP17L16",1193.51590695805,"SRR8742915_quant",53.8280158761918,"SRR8742915","SRX5534987","A0928169L16","RTX430_Leaf_TP17_Post_flowering_drought_16","RTX430","Leaf",17,"Post_flowering_drought",16
"56","TP17L22",96.97372374,"TP17L22",1236.99375224571,"SRR8742916_quant",53.8043286464722,"SRR8742916","SRX5534988","A0928169L22","RTX430_Leaf_TP17_Post_flowering_drought_22","RTX430","Leaf",17,"Post_flowering_drought",22
"57","TP2L12",6.591235632,"TP2L12",2212.2339565403,"SRR8742917_quant",46.5611776470192,"SRR8742917","SRX5534989","A0615163L12","RTX430_Leaf_TP02_Control_12","RTX430","Leaf",2,"Control",12
"58","TP2L20",11.67315175,"TP2L20",2112.51923927812,"SRR8742918_quant",47.5693319243475,"SRR8742918","SRX5534990","A0615163L20","RTX430_Leaf_TP02_Control_20","RTX430","Leaf",2,"Control",20
"59","TP2L1",11.71119955,"TP2L1",2376.39677070143,"SRR8742919_quant",47.065297579189,"SRR8742919","SRX5534991","A0615163L01","RTX430_Leaf_TP02_Control_1","RTX430","Leaf",2,"Control",1
"60","TP3L12",6.534551977,"TP3L12",2500.81634236877,"SRR8742920_quant",46.3723946139626,"SRR8742920","SRX5534992","A0622162L12","RTX430_Leaf_TP03_Control_12","RTX430","Leaf",3,"Control",12
"61","TP3L20",3.928944619,"TP3L20",2401.64503923568,"SRR8742921_quant",47.1325999401571,"SRR8742921","SRX5534993","A0622162L20","RTX430_Leaf_TP03_Control_20","RTX430","Leaf",3,"Control",20
"62","TP3L1",12.73741983,"TP3L1",2532.18326731067,"SRR8742922_quant",46.6650548224215,"SRR8742922","SRX5534994","A0622162L01","RTX430_Leaf_TP03_Control_1","RTX430","Leaf",3,"Control",1
"63","TP4L12",2.333448994,"TP4L12",2467.15357829689,"SRR8742923_quant",46.6887792229884,"SRR8742923","SRX5534995","A0629164L12","RTX430_Leaf_TP04_Control_12","RTX430","Leaf",4,"Control",12
"64","TP4L20",13.84947905,"TP4L20",2454.86483156928,"SRR8742924_quant",46.9093403081973,"SRR8742924","SRX5534996","A0629164L20","RTX430_Leaf_TP04_Control_20","RTX430","Leaf",4,"Control",20
"65","TP4L1",4.522554867,"TP4L1",2520.4496045114,"SRR8742925_quant",45.7534336207056,"SRR8742925","SRX5534997","A0629164L01","RTX430_Leaf_TP04_Control_1","RTX430","Leaf",4,"Control",1
"66","TP5L1",3.690223435,"TP5L1",2562.10521435634,"SRR8742926_quant",46.1294613685841,"SRR8742926","SRX5534998","A0706165L01","RTX430_Leaf_TP05_Control_1","RTX430","Leaf",5,"Control",1
"67","TP5L12",10.02666159,"TP5L12",2313.94986032202,"SRR8742927_quant",46.5873018629932,"SRR8742927","SRX5534999","A0706165L12","RTX430_Leaf_TP05_Control_12","RTX430","Leaf",5,"Control",12
"68","TP5L20",16.88259109,"TP5L20",2666.05754596724,"SRR8742928_quant",45.9138194912813,"SRR8742928","SRX5535000","A0706165L20","RTX430_Leaf_TP05_Control_20","RTX430","Leaf",5,"Control",20
"69","TP6L12",13.30830474,"TP6L12",2487.29615987584,"SRR8742929_quant",46.4619902393804,"SRR8742929","SRX5535001","A0713166L12","RTX430_Leaf_TP06_Control_12","RTX430","Leaf",6,"Control",12
"70","TP6L20",15.39692172,"TP6L20",2343.28440607243,"SRR8742930_quant",46.9397054761647,"SRR8742930","SRX5535002","A0713166L20","RTX430_Leaf_TP06_Control_20","RTX430","Leaf",6,"Control",20
"71","TP6L1",7.717756906,"TP6L1",2593.62837306599,"SRR8742931_quant",46.1327569865879,"SRR8742931","SRX5535003","A0713166L01","RTX430_Leaf_TP06_Control_1","RTX430","Leaf",6,"Control",1
"72","TP7L12",18.10344828,"TP7L12",2388.88340453057,"SRR8742932_quant",44.9761792945681,"SRR8742932","SRX5535004","A0720167L12","RTX430_Leaf_TP07_Control_12","RTX430","Leaf",7,"Control",12
"73","TP8L20",30.76238835,"TP8L20",2528.39973122011,"SRR8742933_quant",47.5589076256347,"SRR8742933","SRX5535005","A0727168L20","RTX430_Leaf_TP08_Control_20","RTX430","Leaf",8,"Control",20
"74","TP8L12",22.46940148,"TP8L12",2480.89616671296,"SRR8742934_quant",47.3122950800146,"SRR8742934","SRX5535006","A0727168L12","RTX430_Leaf_TP08_Control_12","RTX430","Leaf",8,"Control",12
"75","TP8L1",20.61092908,"TP8L1",2524.93880132198,"SRR8742935_quant",46.8430321322183,"SRR8742935","SRX5535007","A0727168L01","RTX430_Leaf_TP08_Control_1","RTX430","Leaf",8,"Control",1
"76","TP9L12",63.64998777,"TP9L12",1994.07682609197,"SRR8742936_quant",48.3884303928402,"SRR8742936","SRX5535008","A0803169L12","RTX430_Leaf_TP09_Control_12","RTX430","Leaf",9,"Control",12
"77","TP9L20",46.94466931,"TP9L20",2268.08056661182,"SRR8742937_quant",48.0460042769311,"SRR8742937","SRX5535009","A0803169L20","RTX430_Leaf_TP09_Control_20","RTX430","Leaf",9,"Control",20
"78","TP9L1",47.88604879,"TP9L1",2172.69365961393,"SRR8742938_quant",46.5778523206043,"SRR8742938","SRX5535010","A0803169L01","RTX430_Leaf_TP09_Control_1","RTX430","Leaf",9,"Control",1
"79","TP10L20",90.44287468,"TP10L20",1598.43544982622,"SRR8742939_quant",50.5562481865509,"SRR8742939","SRX5535011","A0810162L20","RTX430_Leaf_TP10_Control_20","RTX430","Leaf",10,"Control",20
"80","TP10L12",89.14550335,"TP10L12",1771.50247576824,"SRR8742940_quant",50.3267173854649,"SRR8742940","SRX5535012","A0810162L12","RTX430_Leaf_TP10_Control_12","RTX430","Leaf",10,"Control",12
"81","TP10L1",78.8660257,"TP10L1",2117.67687436667,"SRR8742941_quant",46.0517313925806,"SRR8742941","SRX5535013","A0810162L01","RTX430_Leaf_TP10_Control_1","RTX430","Leaf",10,"Control",1
"82","TP11L20",93.2095607,"TP11L20",1445.34363511651,"SRR8742942_quant",51.6465167261308,"SRR8742942","SRX5535014","A0817163L20","RTX430_Leaf_TP11_Control_20","RTX430","Leaf",11,"Control",20
"83","TP11L12",94.62422635,"TP11L12",1468.73630917284,"SRR8742943_quant",51.7157763177062,"SRR8742943","SRX5535015","A0817163L12","RTX430_Leaf_TP11_Control_12","RTX430","Leaf",11,"Control",12
"84","TP11L1",99.78086194,"TP11L1",1599.32096416994,"SRR8742944_quant",50.9582920187518,"SRR8742944","SRX5535016","A0817163L01","RTX430_Leaf_TP11_Control_1","RTX430","Leaf",11,"Control",1
"85","TP12L20",98.75509766,"TP12L20",1635.41604864316,"SRR8742945_quant",49.890679146779,"SRR8742945","SRX5535017","A0824164L20","RTX430_Leaf_TP12_Control_20","RTX430","Leaf",12,"Control",20
"86","TP12L1",95.32183403,"TP12L1",1630.35605392733,"SRR8742946_quant",51.5673577456807,"SRR8742946","SRX5535018","A0824164L01","RTX430_Leaf_TP12_Control_1","RTX430","Leaf",12,"Control",1
"87","TP12L12",96.85984604,"TP12L12",1441.33811497129,"SRR8742947_quant",52.1457478303371,"SRR8742947","SRX5535019","A0824164L12","RTX430_Leaf_TP12_Control_12","RTX430","Leaf",12,"Control",12
"88","TP13L20",98.55584209,"TP13L20",1384.9987097169,"SRR8742948_quant",51.8875795486728,"SRR8742948","SRX5535020","A0831165L20","RTX430_Leaf_TP13_Control_20","RTX430","Leaf",13,"Control",20
"89","TP13L1",99.13083847,"TP13L1",1412.99923333873,"SRR8742949_quant",51.4841134658023,"SRR8742949","SRX5535021","A0831165L01","RTX430_Leaf_TP13_Control_1","RTX430","Leaf",13,"Control",1
"90","TP13L12",96.34108163,"TP13L12",1397.67894839754,"SRR8742950_quant",52.2289839748356,"SRR8742950","SRX5535022","A0831165L12","RTX430_Leaf_TP13_Control_12","RTX430","Leaf",13,"Control",12
"91","TP14L12",98.40424655,"TP14L12",1271.49181356325,"SRR8742951_quant",52.9455470484265,"SRR8742951","SRX5535023","A0907166L12","RTX430_Leaf_TP14_Control_12","RTX430","Leaf",14,"Control",12
"92","TP15L20",97.1650109,"TP15L20",1080.88823031769,"SRR8742952_quant",52.4921235517546,"SRR8742952","SRX5535024","A0914167L20","RTX430_Leaf_TP15_Control_20","RTX430","Leaf",15,"Control",20
"93","TP15L12",96.23548842,"TP15L12",1220.74458154575,"SRR8742953_quant",52.2286644027949,"SRR8742953","SRX5535025","A0914167L12","RTX430_Leaf_TP15_Control_12","RTX430","Leaf",15,"Control",12
"94","TP16L12",96.04813549,"TP16L12",1181.39829448718,"SRR8742954_quant",53.0260713048975,"SRR8742954","SRX5535026","A0921168L12","RTX430_Leaf_TP16_Control_12","RTX430","Leaf",16,"Control",12
"95","TP17L1",95.21606119,"TP17L1",1275.41381295142,"SRR8742955_quant",53.2891926066285,"SRR8742955","SRX5535027","A0928169L01","RTX430_Leaf_TP17_Control_1","RTX430","Leaf",17,"Control",1
"96","TP17L20",98.77844868,"TP17L20",1247.69028175046,"SRR8742956_quant",53.1941588204845,"SRR8742956","SRX5535028","A0928169L20","RTX430_Leaf_TP17_Control_20","RTX430","Leaf",17,"Control",20
"97","TP17L12",98.47721592,"TP17L12",1276.33184537107,"SRR8742957_quant",53.0421116918794,"SRR8742957","SRX5535029","A0928169L12","RTX430_Leaf_TP17_Control_12","RTX430","Leaf",17,"Control",12
"98","TP3L6",4.043969342,"TP3L6",2674.12214042861,"SRR8742958_quant",46.3824967701071,"SRR8742958","SRX5535030","A0622162L06","BTX642_Leaf_TP03_Pre_flowering_drought_6","BTX642","Leaf",3,"Pre_flowering_drought",6
"99","TP3L14",16.07072948,"TP3L14",2768.87752307374,"SRR8742959_quant",46.5600671847365,"SRR8742959","SRX5535031","A0622162L14","BTX642_Leaf_TP03_Pre_flowering_drought_14","BTX642","Leaf",3,"Pre_flowering_drought",14
"100","TP3L17",6.719256797,"TP3L17",2615.50843137284,"SRR8742960_quant",46.0350658962979,"SRR8742960","SRX5535032","A0622162L17","BTX642_Leaf_TP03_Pre_flowering_drought_17","BTX642","Leaf",3,"Pre_flowering_drought",17
"101","TP4L6",32.29236222,"TP4L6",2404.85253660903,"SRR8742961_quant",46.7118168605957,"SRR8742961","SRX5535033","A0629164L06","BTX642_Leaf_TP04_Pre_flowering_drought_6","BTX642","Leaf",4,"Pre_flowering_drought",6
"102","TP4L14",9.513803972,"TP4L14",2644.09730136451,"SRR8742962_quant",45.8554137712537,"SRR8742962","SRX5535034","A0629164L14","BTX642_Leaf_TP04_Pre_flowering_drought_14","BTX642","Leaf",4,"Pre_flowering_drought",14
"103","TP4L17",4.799258361,"TP4L17",2573.9468932242,"SRR8742963_quant",46.4155356396918,"SRR8742963","SRX5535035","A0629164L17","BTX642_Leaf_TP04_Pre_flowering_drought_17","BTX642","Leaf",4,"Pre_flowering_drought",17
"104","TP5L6",10.15024422,"TP5L6",2458.85626399683,"SRR8742964_quant",46.0823764933533,"SRR8742964","SRX5535036","A0706165L06","BTX642_Leaf_TP05_Pre_flowering_drought_6","BTX642","Leaf",5,"Pre_flowering_drought",6
"105","TP5L14",11.15253447,"TP5L14",2668.83605338733,"SRR8742965_quant",46.4392528771895,"SRR8742965","SRX5535037","A0706165L14","BTX642_Leaf_TP05_Pre_flowering_drought_14","BTX642","Leaf",5,"Pre_flowering_drought",14
"106","TP5L17",10.34105815,"TP5L17",2560.54367516762,"SRR8742966_quant",46.3066731773139,"SRR8742966","SRX5535038","A0706165L17","BTX642_Leaf_TP05_Pre_flowering_drought_17","BTX642","Leaf",5,"Pre_flowering_drought",17
"107","TP6L6",15.71409697,"TP6L6",2556.25123991901,"SRR8742967_quant",46.1565770755777,"SRR8742967","SRX5535039","A0713166L06","BTX642_Leaf_TP06_Pre_flowering_drought_6","BTX642","Leaf",6,"Pre_flowering_drought",6
"108","TP6L14",6.215437339,"TP6L14",2633.24890373085,"SRR8742968_quant",45.8789288650744,"SRR8742968","SRX5535040","A0713166L14","BTX642_Leaf_TP06_Pre_flowering_drought_14","BTX642","Leaf",6,"Pre_flowering_drought",14
"109","TP6L17",2.981191624,"TP6L17",2586.25022981694,"SRR8742969_quant",45.7007857490257,"SRR8742969","SRX5535041","A0713166L17","BTX642_Leaf_TP06_Pre_flowering_drought_17","BTX642","Leaf",6,"Pre_flowering_drought",17
"110","TP7L6",7.352477122,"TP7L6",2594.19105659771,"SRR8742970_quant",45.7054694518488,"SRR8742970","SRX5535042","A0720167L06","BTX642_Leaf_TP07_Pre_flowering_drought_6","BTX642","Leaf",7,"Pre_flowering_drought",6
"111","TP8L14",31.28335358,"TP8L14",2562.77448912479,"SRR8742971_quant",46.7806017587765,"SRR8742971","SRX5535043","A0727168L14","BTX642_Leaf_TP08_Pre_flowering_drought_14","BTX642","Leaf",8,"Pre_flowering_drought",14
"112","TP8L6",13.94525656,"TP8L6",2378.32010214484,"SRR8742972_quant",46.1532709270181,"SRR8742972","SRX5535044","A0727168L06","BTX642_Leaf_TP08_Pre_flowering_drought_6","BTX642","Leaf",8,"Pre_flowering_drought",6
"113","TP8L17",14.44266315,"TP8L17",2410.27372726394,"SRR8742973_quant",45.562481985922,"SRR8742973","SRX5535045","A0727168L17","BTX642_Leaf_TP08_Pre_flowering_drought_17","BTX642","Leaf",8,"Pre_flowering_drought",17
"114","TP9L14",37.16015602,"TP9L14",2547.48484345503,"SRR8742974_quant",47.3010196424402,"SRR8742974","SRX5535046","A0803169L14","BTX642_Leaf_TP09_Pre_flowering_drought_14","BTX642","Leaf",9,"Pre_flowering_drought",14
"115","TP9L6",10.92130518,"TP9L6",2693.81381850796,"SRR8742975_quant",46.8651065098983,"SRR8742975","SRX5535047","A0803169L06","BTX642_Leaf_TP09_Pre_flowering_drought_6","BTX642","Leaf",9,"Pre_flowering_drought",6
"116","TP9L17",26.32844761,"TP9L17",2426.02566806712,"SRR8742976_quant",47.1984043507398,"SRR8742976","SRX5535048","A0803169L17","BTX642_Leaf_TP09_Pre_flowering_drought_17","BTX642","Leaf",9,"Pre_flowering_drought",17
"117","TP10L14",46.70169294,"TP10L14",2705.21026506532,"SRR8742977_quant",46.6255820816175,"SRR8742977","SRX5535049","A0810162L14","BTX642_Leaf_TP10_Pre_flowering_drought_14","BTX642","Leaf",10,"Pre_flowering_drought",14
"118","TP10L6",39.51850868,"TP10L6",2645.38576217008,"SRR8742978_quant",47.0595315705473,"SRR8742978","SRX5535050","A0810162L06","BTX642_Leaf_TP10_Pre_flowering_drought_6","BTX642","Leaf",10,"Pre_flowering_drought",6
"119","TP10L17",32.64640748,"TP10L17",2549.07149511126,"SRR8742979_quant",46.3681783899835,"SRR8742979","SRX5535051","A0810162L17","BTX642_Leaf_TP10_Pre_flowering_drought_17","BTX642","Leaf",10,"Pre_flowering_drought",17
"120","TP11L14",38.84054178,"TP11L14",2626.70882802085,"SRR8742980_quant",46.8580719012034,"SRR8742980","SRX5535052","A0817163L14","BTX642_Leaf_TP11_Pre_flowering_drought_14","BTX642","Leaf",11,"Pre_flowering_drought",14
"121","TP11L6",48.19885684,"TP11L6",2591.71687046379,"SRR8742981_quant",48.2466529525746,"SRR8742981","SRX5535053","A0817163L06","BTX642_Leaf_TP11_Pre_flowering_drought_6","BTX642","Leaf",11,"Pre_flowering_drought",6
"122","TP11L17",43.8568298,"TP11L17",2501.86890909289,"SRR8742982_quant",46.012658332916,"SRR8742982","SRX5535054","A0817163L17","BTX642_Leaf_TP11_Pre_flowering_drought_17","BTX642","Leaf",11,"Pre_flowering_drought",17
"123","TP12L6",82.15695782,"TP12L6",2435.29615952355,"SRR8742983_quant",48.5282079616668,"SRR8742983","SRX5535055","A0824164L06","BTX642_Leaf_TP12_Pre_flowering_drought_6","BTX642","Leaf",12,"Pre_flowering_drought",6
"124","TP12L14",82.90450769,"TP12L14",2326.33455657196,"SRR8742984_quant",47.7931330715152,"SRR8742984","SRX5535056","A0824164L14","BTX642_Leaf_TP12_Pre_flowering_drought_14","BTX642","Leaf",12,"Pre_flowering_drought",14
"125","TP12L17",72.02461065,"TP12L17",2599.48411316274,"SRR8742985_quant",47.3008551175009,"SRR8742985","SRX5535057","A0824164L17","BTX642_Leaf_TP12_Pre_flowering_drought_17","BTX642","Leaf",12,"Pre_flowering_drought",17
"126","TP13L14",97.35356693,"TP13L14",1850.36630947639,"SRR8742986_quant",49.4305563354796,"SRR8742986","SRX5535058","A0831165L14","BTX642_Leaf_TP13_Pre_flowering_drought_14","BTX642","Leaf",13,"Pre_flowering_drought",14
"127","TP13L17",92.61073421,"TP13L17",2098.9128005973,"SRR8742987_quant",49.0104404508183,"SRR8742987","SRX5535059","A0831165L17","BTX642_Leaf_TP13_Pre_flowering_drought_17","BTX642","Leaf",13,"Pre_flowering_drought",17
"128","TP13L6",89.01295692,"TP13L6",1834.7543819283,"SRR8742988_quant",50.5411698953399,"SRR8742988","SRX5535060","A0831165L06","BTX642_Leaf_TP13_Pre_flowering_drought_6","BTX642","Leaf",13,"Pre_flowering_drought",6
"129","TP14L6",91.17588776,"TP14L6",1846.42153932653,"SRR8742989_quant",50.2433749512249,"SRR8742989","SRX5535061","A0907166L06","BTX642_Leaf_TP14_Pre_flowering_drought_6","BTX642","Leaf",14,"Pre_flowering_drought",6
"130","TP15L6",82.95599675,"TP15L6",1439.78672683772,"SRR8742990_quant",51.5367440080198,"SRR8742990","SRX5535062","A0914167L06","BTX642_Leaf_TP15_Pre_flowering_drought_6","BTX642","Leaf",15,"Pre_flowering_drought",6
"131","TP15L14",94.87036001,"TP15L14",1092.59192711178,"SRR8742991_quant",49.0048239011364,"SRR8742991","SRX5535063","A0914167L14","BTX642_Leaf_TP15_Pre_flowering_drought_14","BTX642","Leaf",15,"Pre_flowering_drought",14
"132","TP15L17",95.29409662,"TP15L17",1822.70716228983,"SRR8742992_quant",49.9588590931494,"SRR8742992","SRX5535064","A0914167L17","BTX642_Leaf_TP15_Pre_flowering_drought_17","BTX642","Leaf",15,"Pre_flowering_drought",17
"133","TP16L6",87.12488298,"TP16L6",1441.80100722977,"SRR8742993_quant",52.1020693992123,"SRR8742993","SRX5535065","A0921168L06","BTX642_Leaf_TP16_Pre_flowering_drought_6","BTX642","Leaf",16,"Pre_flowering_drought",6
"134","TP17L6",87.60532342,"TP17L6",1605.61445844971,"SRR8742994_quant",51.3181790374059,"SRR8742994","SRX5535066","A0928169L06","BTX642_Leaf_TP17_Pre_flowering_drought_6","BTX642","Leaf",17,"Pre_flowering_drought",6
"135","TP17L14",98.07654588,"TP17L14",1451.21308122543,"SRR8742995_quant",51.2269374974943,"SRR8742995","SRX5535067","A0928169L14","BTX642_Leaf_TP17_Pre_flowering_drought_14","BTX642","Leaf",17,"Pre_flowering_drought",14
"136","TP17L17",98.03271282,"TP17L17",1387.02996364068,"SRR8742996_quant",52.7680915694228,"SRR8742996","SRX5535068","A0928169L17","BTX642_Leaf_TP17_Pre_flowering_drought_17","BTX642","Leaf",17,"Pre_flowering_drought",17
"137","TP9L4",46.91141261,"TP9L4",2306.17989201451,"SRR8742997_quant",48.0126898380552,"SRR8742997","SRX5535069","A0803169L04","BTX642_Leaf_TP09_Post_flowering_drought_4","BTX642","Leaf",9,"Post_flowering_drought",4
"138","TP9L21",47.34874027,"TP9L21",2617.40992984891,"SRR8742998_quant",47.5904186033222,"SRR8742998","SRX5535070","A0803169L21","BTX642_Leaf_TP09_Post_flowering_drought_21","BTX642","Leaf",9,"Post_flowering_drought",21
"139","TP9L15",76.77070713,"TP9L15",2325.9112439915,"SRR8742999_quant",47.3599818303591,"SRR8742999","SRX5535071","A0803169L15","BTX642_Leaf_TP09_Post_flowering_drought_15","BTX642","Leaf",9,"Post_flowering_drought",15
"140","TP10L4",77.11520535,"TP10L4",2035.89783671285,"SRR8743000_quant",46.5053925942056,"SRR8743000","SRX5535072","A0810162L04","BTX642_Leaf_TP10_Post_flowering_drought_4","BTX642","Leaf",10,"Post_flowering_drought",4
"141","TP10L21",77.77297536,"TP10L21",2075.83846260135,"SRR8743001_quant",49.3621531326011,"SRR8743001","SRX5535073","A0810162L21","BTX642_Leaf_TP10_Post_flowering_drought_21","BTX642","Leaf",10,"Post_flowering_drought",21
"142","TP10L15",75.99687081,"TP10L15",2117.83008628083,"SRR8743002_quant",48.347918272428,"SRR8743002","SRX5535074","A0810162L15","BTX642_Leaf_TP10_Post_flowering_drought_15","BTX642","Leaf",10,"Post_flowering_drought",15
"143","TP11L4",72.40543547,"TP11L4",1824.33295125135,"SRR8743003_quant",50.8146306095473,"SRR8743003","SRX5535075","A0817163L04","BTX642_Leaf_TP11_Post_flowering_drought_4","BTX642","Leaf",11,"Post_flowering_drought",4
"144","TP11L21",77.98000189,"TP11L21",1842.30862472365,"SRR8743004_quant",50.5955820043976,"SRR8743004","SRX5535076","A0817163L21","BTX642_Leaf_TP11_Post_flowering_drought_21","BTX642","Leaf",11,"Post_flowering_drought",21
"145","TP11L15",82.6847579,"TP11L15",1779.07418978631,"SRR8743005_quant",50.4465193997467,"SRR8743005","SRX5535077","A0817163L15","BTX642_Leaf_TP11_Post_flowering_drought_15","BTX642","Leaf",11,"Post_flowering_drought",15
"146","TP12L21",92.83971105,"TP12L21",1536.83718168603,"SRR8743006_quant",51.6886291244351,"SRR8743006","SRX5535078","A0824164L21","BTX642_Leaf_TP12_Post_flowering_drought_21","BTX642","Leaf",12,"Post_flowering_drought",21
"147","TP13L4",94.99250948,"TP13L4",1524.05958069263,"SRR8743007_quant",51.7454266138096,"SRR8743007","SRX5535079","A0831165L04","BTX642_Leaf_TP13_Post_flowering_drought_4","BTX642","Leaf",13,"Post_flowering_drought",4
"148","TP13L15",91.77650107,"TP13L15",1527.13359330106,"SRR8743008_quant",51.9983869318673,"SRR8743008","SRX5535080","A0831165L15","BTX642_Leaf_TP13_Post_flowering_drought_15","BTX642","Leaf",13,"Post_flowering_drought",15
"149","TP13L21",95.45690201,"TP13L21",1461.28745331786,"SRR8743009_quant",52.1768877791999,"SRR8743009","SRX5535081","A0831165L21","BTX642_Leaf_TP13_Post_flowering_drought_21","BTX642","Leaf",13,"Post_flowering_drought",21
"150","TP14L21",96.96119294,"TP14L21",1485.2149673083,"SRR8743010_quant",52.2259518244189,"SRR8743010","SRX5535082","A0907166L21","BTX642_Leaf_TP14_Post_flowering_drought_21","BTX642","Leaf",14,"Post_flowering_drought",21
"151","TP15L4",92.92358348,"TP15L4",1411.00277363838,"SRR8743011_quant",52.2669730228205,"SRR8743011","SRX5535083","A0914167L04","BTX642_Leaf_TP15_Post_flowering_drought_4","BTX642","Leaf",15,"Post_flowering_drought",4
"152","TP15L15",95.01303009,"TP15L15",1273.9767712621,"SRR8743012_quant",53.3625894396064,"SRR8743012","SRX5535084","A0914167L15","BTX642_Leaf_TP15_Post_flowering_drought_15","BTX642","Leaf",15,"Post_flowering_drought",15
"153","TP15L21",91.38099714,"TP15L21",1360.25703908804,"SRR8743013_quant",52.9234483724002,"SRR8743013","SRX5535085","A0914167L21","BTX642_Leaf_TP15_Post_flowering_drought_21","BTX642","Leaf",15,"Post_flowering_drought",21
"154","TP16L21",91.20284597,"TP16L21",1342.91539762879,"SRR8743014_quant",53.2230582535989,"SRR8743014","SRX5535086","A0921168L21","BTX642_Leaf_TP16_Post_flowering_drought_21","BTX642","Leaf",16,"Post_flowering_drought",21
"155","TP17L4",92.36975565,"TP17L4",1265.33419644167,"SRR8743015_quant",53.6398239635433,"SRR8743015","SRX5535087","A0928169L04","BTX642_Leaf_TP17_Post_flowering_drought_4","BTX642","Leaf",17,"Post_flowering_drought",4
"156","TP17L15",95.461513,"TP17L15",1172.88296652539,"SRR8743016_quant",53.8881833530653,"SRR8743016","SRX5535088","A0928169L15","BTX642_Leaf_TP17_Post_flowering_drought_15","BTX642","Leaf",17,"Post_flowering_drought",15
"157","TP17L21",93.92259491,"TP17L21",1424.52659063341,"SRR8743017_quant",52.8654971387388,"SRR8743017","SRX5535089","A0928169L21","BTX642_Leaf_TP17_Post_flowering_drought_21","BTX642","Leaf",17,"Post_flowering_drought",21
"158","TP2L11",5.538361297,"TP2L11",2299.79362968367,"SRR8743018_quant",46.4323919886761,"SRR8743018","SRX5535090","A0615163L11","BTX642_Leaf_TP02_Control_11","BTX642","Leaf",2,"Control",11
"159","TP2L19",24.30378456,"TP2L19",2455.25690806121,"SRR8743019_quant",46.0509662978933,"SRR8743019","SRX5535091","A0615163L19","BTX642_Leaf_TP02_Control_19","BTX642","Leaf",2,"Control",19
"160","TP2L2",3.939040128,"TP2L2",2412.61600672973,"SRR8743020_quant",46.5498634845211,"SRR8743020","SRX5535092","A0615163L02","BTX642_Leaf_TP02_Control_2","BTX642","Leaf",2,"Control",2
"161","TP3L11",8.151894242,"TP3L11",2485.32277343048,"SRR8743021_quant",46.4571951089184,"SRR8743021","SRX5535093","A0622162L11","BTX642_Leaf_TP03_Control_11","BTX642","Leaf",3,"Control",11
"162","TP3L19",10.52430366,"TP3L19",2558.39272821348,"SRR8743022_quant",46.4182212774469,"SRR8743022","SRX5535094","A0622162L19","BTX642_Leaf_TP03_Control_19","BTX642","Leaf",3,"Control",19
"163","TP3L2",15.36938248,"TP3L2",2041.55369214853,"SRR8743023_quant",46.112698342321,"SRR8743023","SRX5535095","A0622162L02","BTX642_Leaf_TP03_Control_2","BTX642","Leaf",3,"Control",2
"164","TP4L19",8.012766266,"TP4L19",2647.91510746371,"SRR8743024_quant",46.4823743442626,"SRR8743024","SRX5535096","A0629164L19","BTX642_Leaf_TP04_Control_19","BTX642","Leaf",4,"Control",19
"165","TP4L2",9.136325487,"TP4L2",2743.92375666471,"SRR8743025_quant",45.489414734988,"SRR8743025","SRX5535097","A0629164L02","BTX642_Leaf_TP04_Control_2","BTX642","Leaf",4,"Control",2
"166","TP5L11",9.290540541,"TP5L11",2504.28516487884,"SRR8743026_quant",46.1864499728594,"SRR8743026","SRX5535098","A0706165L11","BTX642_Leaf_TP05_Control_11","BTX642","Leaf",5,"Control",11
"167","TP5L2",4.670674955,"TP5L2",2586.44085245762,"SRR8743027_quant",45.8625760143788,"SRR8743027","SRX5535099","A0706165L02","BTX642_Leaf_TP05_Control_2","BTX642","Leaf",5,"Control",2
"168","TP5L19",9.254487582,"TP5L19",2796.48644810478,"SRR8743028_quant",45.7528745516969,"SRR8743028","SRX5535100","A0706165L19","BTX642_Leaf_TP05_Control_19","BTX642","Leaf",5,"Control",19
"169","TP6L11",8.693927736,"TP6L11",2578.84914260781,"SRR8743029_quant",46.0704577826209,"SRR8743029","SRX5535101","A0713166L11","BTX642_Leaf_TP06_Control_11","BTX642","Leaf",6,"Control",11
"170","TP6L19",5.452347794,"TP6L19",2516.32770043192,"SRR8743030_quant",46.330245414886,"SRR8743030","SRX5535102","A0713166L19","BTX642_Leaf_TP06_Control_19","BTX642","Leaf",6,"Control",19
"171","TP6L2",4.884437596,"TP6L2",2648.99653397409,"SRR8743031_quant",46.2530124360625,"SRR8743031","SRX5535103","A0713166L02","BTX642_Leaf_TP06_Control_2","BTX642","Leaf",6,"Control",2
"172","TP7L11",14.6478376,"TP7L11",2670.84073101357,"SRR8743032_quant",45.3979987638199,"SRR8743032","SRX5535104","A0720167L11","BTX642_Leaf_TP07_Control_11","BTX642","Leaf",7,"Control",11
"173","TP8L19",24.4951788,"TP8L19",2662.01386340231,"SRR8743033_quant",46.6139439194518,"SRR8743033","SRX5535105","A0727168L19","BTX642_Leaf_TP08_Control_19","BTX642","Leaf",8,"Control",19
"174","TP8L11",21.94583036,"TP8L11",2639.75779836014,"SRR8743034_quant",47.2862401923999,"SRR8743034","SRX5535106","A0727168L11","BTX642_Leaf_TP08_Control_11","BTX642","Leaf",8,"Control",11
"175","TP8L2",38.84139033,"TP8L2",2603.32541847987,"SRR8743035_quant",46.2972634008702,"SRR8743035","SRX5535107","A0727168L02","BTX642_Leaf_TP08_Control_2","BTX642","Leaf",8,"Control",2
"176","TP9L19",72.02831367,"TP9L19",2355.45841358885,"SRR8743036_quant",48.1425218879219,"SRR8743036","SRX5535108","A0803169L19","BTX642_Leaf_TP09_Control_19","BTX642","Leaf",9,"Control",19
"177","TP9L11",87.49127878,"TP9L11",2204.87667345751,"SRR8743037_quant",48.4353229266334,"SRR8743037","SRX5535109","A0803169L11","BTX642_Leaf_TP09_Control_11","BTX642","Leaf",9,"Control",11
"178","TP9L2",52.06658567,"TP9L2",840.483324905549,"SRR8743038_quant",47.2664568391067,"SRR8743038","SRX5535110","A0803169L02","BTX642_Leaf_TP09_Control_2","BTX642","Leaf",9,"Control",2
"179","TP10L19",71.94745601,"TP10L19",2085.3893787869,"SRR8743039_quant",49.0059123727612,"SRR8743039","SRX5535111","A0810162L19","BTX642_Leaf_TP10_Control_19","BTX642","Leaf",10,"Control",19
"180","TP10L11",86.01161216,"TP10L11",2001.51714783146,"SRR8743040_quant",49.3150878743823,"SRR8743040","SRX5535112","A0810162L11","BTX642_Leaf_TP10_Control_11","BTX642","Leaf",10,"Control",11
"181","TP10L2",67.80114203,"TP10L2",2375.75748985816,"SRR8743041_quant",47.276813241991,"SRR8743041","SRX5535113","A0810162L02","BTX642_Leaf_TP10_Control_2","BTX642","Leaf",10,"Control",2
"182","TP11L19",79.89964204,"TP11L19",1881.09852316645,"SRR8743042_quant",50.5245245630192,"SRR8743042","SRX5535114","A0817163L19","BTX642_Leaf_TP11_Control_19","BTX642","Leaf",11,"Control",19
"183","TP11L11",86.50096368,"TP11L11",2084.76817150699,"SRR8743043_quant",49.7505832832131,"SRR8743043","SRX5535115","A0817163L11","BTX642_Leaf_TP11_Control_11","BTX642","Leaf",11,"Control",11
"184","TP11L2",99.78523624,"TP11L2",2071.8453255926,"SRR8743044_quant",49.130249847823,"SRR8743044","SRX5535116","A0817163L02","BTX642_Leaf_TP11_Control_2","BTX642","Leaf",11,"Control",2
"185","TP12L11",98.17866162,"TP12L11",1663.62273294385,"SRR8743045_quant",51.3087208913392,"SRR8743045","SRX5535117","A0824164L11","BTX642_Leaf_TP12_Control_11","BTX642","Leaf",12,"Control",11
"186","TP12L19",97.78843331,"TP12L19",1712.54265370613,"SRR8743046_quant",51.4348937498094,"SRR8743046","SRX5535118","A0824164L19","BTX642_Leaf_TP12_Control_19","BTX642","Leaf",12,"Control",19
"187","TP13L19",97.04204252,"TP13L19",1552.75997882804,"SRR8743048_quant",51.3575685726128,"SRR8743048","SRX5535120","A0831165L19","BTX642_Leaf_TP13_Control_19","BTX642","Leaf",13,"Control",19
"188","TP13L2",96.53661856,"TP13L2",1357.94094398508,"SRR8743049_quant",52.3344974545454,"SRR8743049","SRX5535121","A0831165L02","BTX642_Leaf_TP13_Control_2","BTX642","Leaf",13,"Control",2
"189","TP13L11",97.92907567,"TP13L11",1527.99726837285,"SRR8743050_quant",51.8055360439197,"SRR8743050","SRX5535122","A0831165L11","BTX642_Leaf_TP13_Control_11","BTX642","Leaf",13,"Control",11
"190","TP14L11",98.36787428,"TP14L11",1307.82288748419,"SRR8743051_quant",52.7920055122985,"SRR8743051","SRX5535123","A0907166L11","BTX642_Leaf_TP14_Control_11","BTX642","Leaf",14,"Control",11
"191","TP15L19",96.76078482,"TP15L19",1447.98209113406,"SRR8743052_quant",51.4669086988383,"SRR8743052","SRX5535124","A0914167L19","BTX642_Leaf_TP15_Control_19","BTX642","Leaf",15,"Control",19
"192","TP15L2",93.83733563,"TP15L2",1072.01555156484,"SRR8743053_quant",54.2132116405094,"SRR8743053","SRX5535125","A0914167L02","BTX642_Leaf_TP15_Control_2","BTX642","Leaf",15,"Control",2
"193","TP15L11",97.22995697,"TP15L11",1153.41400980972,"SRR8743054_quant",52.6496943452093,"SRR8743054","SRX5535126","A0914167L11","BTX642_Leaf_TP15_Control_11","BTX642","Leaf",15,"Control",11
"194","TP17L2",96.88651204,"TP17L2",1292.02866898701,"SRR8743055_quant",53.3330648061658,"SRR8743055","SRX5535127","A0928169L02","BTX642_Leaf_TP17_Control_2","BTX642","Leaf",17,"Control",2
"195","TP17L11",97.82235376,"TP17L11",1319.4213179974,"SRR8743056_quant",52.9884055612643,"SRR8743056","SRX5535128","A0928169L11","BTX642_Leaf_TP17_Control_11","BTX642","Leaf",17,"Control",11
"196","TP17L19",96.61684579,"TP17L19",1356.95576459724,"SRR8743057_quant",52.9017899500263,"SRR8743057","SRX5535129","A0928169L19","BTX642_Leaf_TP17_Control_19","BTX642","Leaf",17,"Control",19
